name,yelp_id,category_id,rating,review_count,price,distance,latitude,longitude,bike_station_id
Calabash Bistro,nNhGmSP8xcBAWokkNv0m1w,13065,4.0,285,$$,23,49.281004479966,-123.104228199529,97b25faf822b93fdbf72da1d594c0288
PiDGiN,H4h_nwZW7f2Yj9ONdzGxHQ,13065,4.0,315,$$$,83,49.2819071402452,-123.104188653967,97b25faf822b93fdbf72da1d594c0288
Aiyaohno Cafe,JoUEZWB0y7tREmRPVJj24A,13065,4.5,9,,28,49.28108,-123.1049,97b25faf822b93fdbf72da1d594c0288
Caveman Cafe,ljnjap6GNVMvS1DNzgDOYA,13065,4.5,270,$$,194,49.280802324947445,-123.10703500282291,97b25faf822b93fdbf72da1d594c0288
Di Beppe,G42wPpAtYNSoX5QxEt6pVg,13065,4.0,133,$$,134,49.282377055816596,-123.10450043738042,97b25faf822b93fdbf72da1d594c0288
Kozak Ukraïnian Eatery,rFpTo5-e7ML6rCVs64PxtA,13065,4.5,23,$$,166,49.282664039944194,-123.1046473704731,97b25faf822b93fdbf72da1d594c0288
Kouign Café,8PrTJSFICr4f_dMictWkuA,13065,4.5,36,,98,49.280313,-123.1039576,97b25faf822b93fdbf72da1d594c0288
Tagine Moroccan Restaurant and Bar,zz4WGzntV59HqhefV5zigQ,13065,4.0,148,$$,171,49.28198,-123.1063304,97b25faf822b93fdbf72da1d594c0288
Tacofino,SE9d6E3AAnmZ_NiA_iKoUQ,13065,3.5,448,$$,180,49.28279,-123.10478,97b25faf822b93fdbf72da1d594c0288
Congee Noodle Delight,g2H-Ml9RJp3aHzdAr8Mkwg,13065,3.5,91,$,146,49.2805896869679,-123.106225075342,97b25faf822b93fdbf72da1d594c0288
Bali Thai,IzV22QQpDf3bRgkilWI9Yg,13065,4.5,91,$,164,49.2802711224293,-123.106226601714,97b25faf822b93fdbf72da1d594c0288
Caffe Di Beppe,kgw2PqMWCr8yShvtk9Tqxw,13065,4.5,16,,132,49.28235624721356,-123.1045101,97b25faf822b93fdbf72da1d594c0288
Taco Time,0Y09E0G4BVdmPsYFVGDLMg,13065,3.0,9,$,139,49.280638988130214,-123.1061540141423,97b25faf822b93fdbf72da1d594c0288
Adriatic Divine Sandwiches,i2p09JzKNnHsy_QwxJvKnQ,13065,5.0,1,,154,49.2816164,-123.1024431,97b25faf822b93fdbf72da1d594c0288
Gastronomy Gastown,pObPLuVrH5PtsCEdDI66oA,13065,4.0,1,,162,49.282192076905154,-123.1028121,97b25faf822b93fdbf72da1d594c0288
BARA Caribbean Cuisine,AGNnyZ0tYkz1ECKdqbINaA,13065,3.5,6,$$,175,49.28017805313977,-123.10629397630692,97b25faf822b93fdbf72da1d594c0288
Between 2 Buns,m-SGSaDxccZFELzED9B2qw,13065,3.5,21,$$,188,49.28057828800778,-123.10198848245545,97b25faf822b93fdbf72da1d594c0288
Donair Thyme,KVQwMt3pckc8Ceyciq-5WA,13065,5.0,1,,119,49.28211,-123.10373,97b25faf822b93fdbf72da1d594c0288
The Salty Tongue,j2pWJMas_sDbreSb3vm4qA,13065,5.0,1,,188,49.2828515879063,-123.104129265909,97b25faf822b93fdbf72da1d594c0288
Third Beach Concession,OXPDSeqYp9p19PDDpg-ilg,13065,1.5,2,$,198,49.3016505,-123.1561634,9aa325529164ec68b4d96c4f1c4fc7c1
The Farmer's Apprentice,rFjbt0a6as14jAEPnHNQtQ,13065,3.5,182,$$$,129,49.2662176,-123.1395648,57e928d8c30fab0ebffb3ede850f89d6
Paul's Omelettery Restaurant,zrb_IVQQ3dEGBghYuZe7vg,13065,4.0,299,$$,192,49.26597,-123.1389,57e928d8c30fab0ebffb3ede850f89d6
Salade de Fruits Cafe,IKXFu9H6ngGOS2JRmfmjlw,13065,4.0,172,$$,152,49.2655161,-123.1401237,57e928d8c30fab0ebffb3ede850f89d6
Lumine Coffee,GEIXe3sD7oVPsPPfcI9Gnw,13065,4.5,19,$,152,49.2681372,-123.1413287,57e928d8c30fab0ebffb3ede850f89d6
The Frying Irishman,0vjKqJuAM69B8psdq2NUoA,13065,5.0,1,,60,49.26736,-123.14128,57e928d8c30fab0ebffb3ede850f89d6
Las Autenticas Tacos & Tortas Ahogadas,WLe3xluaCX8KcUdYDiCjzQ,13065,4.5,4,,60,49.26736,-123.14128,57e928d8c30fab0ebffb3ede850f89d6
Carnitas El Rolys,4yivO9_j79NhBXMta0suvg,13065,5.0,1,,60,49.2673589,-123.1412788,57e928d8c30fab0ebffb3ede850f89d6
Juicy Joe’s,wyp6wDEkl7zMlrcP9pIalA,13065,5.0,1,,192,49.26599,-123.138767,57e928d8c30fab0ebffb3ede850f89d6
Pibil House,gRE89aLww9T9exuzYKBQsQ,13065,0.0,0,,103,49.26723098754883,-123.14210510253906,57e928d8c30fab0ebffb3ede850f89d6
Centre Culturel Francophone De Vancouver - Ccfv,co7YopPhz8pPtKUW_dRLtg,13065,4.5,2,,152,49.2655161,-123.1401003,57e928d8c30fab0ebffb3ede850f89d6
Edith Work,CdR44bgOAeH4x5132WWxeg,13065,0.0,0,,69,49.26735,-123.14162,57e928d8c30fab0ebffb3ede850f89d6
Raisu,TQj4HSCmm5GnriKMiSpqpQ,13065,4.0,418,$$,77,49.2679990419609,-123.158381134272,3596b4831ee2ea7812de753b32306835
Au Comptoir,Bo30wYCWWy5M9g1W7GQ5SQ,13065,4.0,209,$$$,62,49.268034328356,-123.15672487756,3596b4831ee2ea7812de753b32306835
Delara,hhEZldyc-CZMP3WYysiqgg,13065,4.5,31,,63,49.2680486,-123.1569183,3596b4831ee2ea7812de753b32306835
Maria's Taverna,xkZuQgCjBgUYmS0BFEzMNA,13065,3.5,98,$$,60,49.2680721,-123.1583754,3596b4831ee2ea7812de753b32306835
Kokomo,S4DFeNGphgug2E-dLfiLXg,13065,4.5,24,,50,49.267889271995834,-123.1573825,3596b4831ee2ea7812de753b32306835
Simit Bakery Cafe,phdll2c9FSjRgzcff1ToXw,13065,4.5,8,,63,49.2680486,-123.1569183,3596b4831ee2ea7812de753b32306835
Hi-Nippon Japanese Restaurant,jZPYyfrEhn1jIlo2MXFPuA,13065,3.5,95,$$,43,49.2682170438708,-123.156875551101,3596b4831ee2ea7812de753b32306835
Peaceful Restaurant,UQdyq5zuBkHWYd2Wf6MphQ,13065,3.0,110,$$,161,49.26798,-123.15965,3596b4831ee2ea7812de753b32306835
Simpatico Restaurant,H77Vta14jWG5hMjR2sOowg,13065,3.0,100,$$,120,49.2680323,-123.1558041,3596b4831ee2ea7812de753b32306835
Jackson's Meat & Deli,0oKwa2WCwNOxbcKJUd5Erw,13065,4.5,62,$$,125,49.2680597,-123.1557696,3596b4831ee2ea7812de753b32306835
Taqueria,MZK1T4hItltnLz2sDFOYcg,13065,0.0,0,,31,49.2683201,-123.1569592,3596b4831ee2ea7812de753b32306835
Bistrot Van,O07_DHUjRD3r7PGcHBjBnA,13065,5.0,1,,15,49.2682096,-123.1575029,3596b4831ee2ea7812de753b32306835
Market Cocina,x45Bt0E_1UONdLEgBbzfUA,13065,0.0,0,,19,49.268359,-123.157172,3596b4831ee2ea7812de753b32306835
McDonald's,CYZF6XoBHy-Wm_0K9rSWQQ,13065,2.0,13,$,146,49.2684244908126,-123.159454209781,3596b4831ee2ea7812de753b32306835
Best Burrito,Nrmsdtg10pyX2Qm2nZcVSg,13065,3.5,46,$,134,49.2631493,-123.1052246,35eb539fb9298bb7e4f6759ca0256505
Subway,fgcDftf7FDOS3RR2oUzuPg,13065,4.0,4,,156,49.2629571,-123.1029989,35eb539fb9298bb7e4f6759ca0256505
Bogo Korean Kitchen,f487JfkiUJ4RUfo_8J5IEA,13065,0.0,0,,172,49.26325,-123.10619,35eb539fb9298bb7e4f6759ca0256505
Caffè Artigiano,OjbCtJfCjwluw2I5jqw31g,13065,4.0,2,,197,49.26307745377281,-123.10688741505146,35eb539fb9298bb7e4f6759ca0256505
BOGO Korean Kitchen,LWU4a7ejo8RIffxOQAdpZw,13065,4.0,5,,174,49.2632045083367,-123.106305973945,35eb539fb9298bb7e4f6759ca0256505
New India Buffet,ekPyuvkj1LW930eYy3kKlw,13065,2.5,251,$$,182,49.263479,-123.124468,ace20c241ee38643c9060f290b215b9d
Yanaki Sushi,GOTYtiGZ1fxE3jw6_7R0yg,13065,4.0,75,$$,134,49.2657961,-123.1219663,ace20c241ee38643c9060f290b215b9d
Chef's Choice Chinese Cuisine,pmy369Opdr4H0xkylCDwUg,13065,4.0,24,,195,49.2636682,-123.1254885,ace20c241ee38643c9060f290b215b9d
Deja Brew,qfM6Z2kPIRG0k0EAy4XmSw,13065,4.5,52,$$,181,49.2636604,-123.1251297,ace20c241ee38643c9060f290b215b9d
Szechuan Chili,KegXVBaMI6qypE4ADDOSjw,13065,3.5,56,$,148,49.2657951,-123.1219401,ace20c241ee38643c9060f290b215b9d
One Noodle,XEA_zIq5rLSmd6hbnrD6kA,13065,3.0,13,,164,49.2635900919731,-123.123886249959,ace20c241ee38643c9060f290b215b9d
Tim Hortons,WBrIIS-lf-nvQYSOWnvnOw,13065,1.5,11,,131,49.26571530868987,-123.12233752526775,ace20c241ee38643c9060f290b215b9d
Halfday Tea + Flower,VVX2hhE3GWwjXGmIXhUZrA,13065,4.5,6,,167,49.2635709085802,-123.124036450926,ace20c241ee38643c9060f290b215b9d
Kisokoma,YDUT6xwpjnF4jLBbIALcrg,13065,3.5,35,$,178,49.26379,-123.12224,ace20c241ee38643c9060f290b215b9d
Legendary Noodle,KZGZMLEpXGPBJ5T6xuN6Yg,13065,3.5,8,,169,49.2635149,-123.1238718,ace20c241ee38643c9060f290b215b9d
Yanaki Sushi,MjPJu1r21DfT45ASDxp7tg,13065,0.0,0,,134,49.2658051,-123.1224224,ace20c241ee38643c9060f290b215b9d
Tojo's,hB18YuRjOQRH5ya3tDjanQ,13065,3.5,395,$$$$,192,49.26374,-123.1298,3aed670ccdcd94b966c0f505f8b028c7
Royal Seoul House Korean Restaurant,uDE6F1Zkby0saWz8OBvA3g,13065,3.0,105,$$,195,49.2634961,-123.1317034,3aed670ccdcd94b966c0f505f8b028c7
Vancouver Bookkeeping Service,9zE-mlC3BXL3M52WFl-46w,13065,0.0,0,,42,49.2774949,-123.0806654,91035fe1d70b65c9cb8ec4a007af7c7f
Dosanko,wLgCnQHiGmYKMRk_ZhxJ0A,13065,4.0,100,$$,139,49.28278,-123.09194,1ef5c4ff3f0b09422bb1597fd9d7568b
Top-Valu Food Products,HtQt_D7XuOUPOGoT4sDBig,13065,0.0,0,,187,49.28239,-123.09174,1ef5c4ff3f0b09422bb1597fd9d7568b
Steve's Poké Bar,0wuDUKbssf_OBhX2YsVRhA,13065,4.0,7,,182,49.26603462248346,-123.08444403111935,17a3320a52bcc62161908967f8a06613
Pelican Seafood Restaurant,lSSffQdr913ki1x48jNFbA,13065,3.0,76,$$,155,49.2815811,-123.0661289,aed214941445e0345aa3254805a9e8b8
On Lok,vPxMZ_kXm8aPYAzw5f7_Ow,13065,3.0,81,$$,199,49.2808579,-123.0633046,aed214941445e0345aa3254805a9e8b8
Carousel Cafe,69tOHXS-BCBff0wrv7bTMw,13065,0.0,0,,153,49.2548777,-123.0658778,0a43242bee10cd33f539af2c1bf5ecbf
Les Faux Bourgeois,w3HSOOqJednBOYbO3fajvQ,13065,4.0,450,$$,75,49.2572813531481,-123.089767330802,08c7a90bf297fde8c1f1156db13987d4
Osteria Savio Volpe,gNCSbTm3unsdztncbgSv5A,13065,4.0,403,$$$,113,49.2574913,-123.0909344,08c7a90bf297fde8c1f1156db13987d4
Sal y Limón,bExSibVFQPQdq3-xGyIEqw,13065,4.0,644,$$,116,49.2569043786921,-123.08924632997,08c7a90bf297fde8c1f1156db13987d4
Los Cuervos Taqueria Y Cantina,letTAjvw5Z0wiRqgdNMG5g,13065,4.0,181,$$,121,49.2574755005862,-123.091043941677,08c7a90bf297fde8c1f1156db13987d4
Matchstick Coffee,b8hOuhfKH_NSacq22pw8Sg,13065,4.0,208,$,92,49.257302653286,-123.090361582581,08c7a90bf297fde8c1f1156db13987d4
Straight Outta Brooklyn NYC Pizzeria,vSoUsOy5kosJowfGwxjfxA,13065,4.0,68,$,127,49.25682,-123.08919,08c7a90bf297fde8c1f1156db13987d4
The Gluten Free Epicurean,FHT6xHg8qhbJskGPnqOl7w,13065,4.0,129,$,99,49.2573863,-123.0906877,08c7a90bf297fde8c1f1156db13987d4
The Lion's Den Cafe,Z7el8tD1s7WF7p9J_D6BQg,13065,4.0,71,$,81,49.257273,-123.089984,08c7a90bf297fde8c1f1156db13987d4
Ba Le Sandwich Shop,GLuvX8GVye2RUi94GcHJKA,13065,4.0,139,$,127,49.25682,-123.08919,08c7a90bf297fde8c1f1156db13987d4
The Peri Peri Shack,GqophJdoCqSZRvgzKiU17Q,13065,4.0,18,,183,49.25627292573432,-123.08909775135942,08c7a90bf297fde8c1f1156db13987d4
Alenka European Foods,KwyZOrjzb-uChHksJ3jcyQ,13065,4.0,21,$,125,49.2568169976042,-123.089381711643,08c7a90bf297fde8c1f1156db13987d4
My Hahn Restaurant,GMvORiJXEdbT_tKH-PLSfQ,13065,0.0,0,,148,49.2569465,-123.0906536,08c7a90bf297fde8c1f1156db13987d4
The Narcissus,8nZI2PRKjzT_pdWJU0K4VQ,13065,4.5,12,,110,49.28423,-123.06998,c52e51e3288a00993bdf892fdc2c2c2c
Franklin Food Lab,AKOSkyBc-T-iQ9JUKbsJWA,13065,5.0,2,,193,49.282175145572765,-123.07238928970615,c52e51e3288a00993bdf892fdc2c2c2c
Teahouse in Stanley Park,kK4imiJdmPKJBgQXoQ_VTg,13065,4.0,431,$$$,181,49.3012529987012,-123.157079257071,45a4c865db23e1cad0209afa5a799de0
Oca Pastificio,cVTbruAN8w8rB6pm7MR0YQ,13065,4.0,42,,51,49.273392,-123.0693298,b562f08327af465e4531e20226789489
Havana,HTJTTobu5hXM2Xgqj8OBgg,13065,3.5,371,$$,80,49.273708,-123.069271,b562f08327af465e4531e20226789489
Don Oso's,IVa3Osaz6QtPAB2r31kBDQ,13065,3.5,15,,29,49.27283657548601,-123.06985180824996,b562f08327af465e4531e20226789489
Memphis Blues,iHHnZb1YEP9vRXOc6-7Nrw,13065,3.5,127,$$,82,49.2723737,-123.0693711,b562f08327af465e4531e20226789489
Harbour Oyster + Bar,ulsLlVcGvuLOSN0n3bR2zg,13065,4.0,71,$$,143,49.2718946138822,-123.069181591272,b562f08327af465e4531e20226789489
Sula Indian Restaurant,l0cLT4c59zu0H8MVwp7vqA,13065,4.0,250,$$,156,49.2745279,-123.0693263,b562f08327af465e4531e20226789489
Famoso Neapolitan Pizzeria,mcSFyiIU-ekK-wFm-I_mNg,13065,3.5,247,$$,95,49.272346,-123.0693715,b562f08327af465e4531e20226789489
Marcello,2ACWJP0YGyKhpU8vMUWPBg,13065,3.0,332,$$,122,49.27204590144254,-123.06943334795373,b562f08327af465e4531e20226789489
The Charlatan,jKpHTUzCoXBFjdg8PMCsVA,13065,3.5,155,$$,173,49.2717298,-123.0697249,b562f08327af465e4531e20226789489
Kulinarya,LtAYiTJQIQXA2bxTpHZBJQ,13065,4.0,62,$$,146,49.2744901,-123.0693269,b562f08327af465e4531e20226789489
Pacific Poke,KEloJNHTaE-OLkvWIrqgjA,13065,3.5,8,,54,49.2733552,-123.0693503,b562f08327af465e4531e20226789489
Viet Family- The Vegan House,je53sE7RTFj9Nix0aatH3g,13065,5.0,16,,142,49.27182591723078,-123.06974969875908,b562f08327af465e4531e20226789489
Tandoori Palace,iPlWTqPac_B9qpS0Y_AhcQ,13065,3.5,127,$$,164,49.2717682,-123.0697249,b562f08327af465e4531e20226789489
Ginger Sushi,nV6nLxww8P3xAshYZmalZA,13065,4.0,79,$$,155,49.2717778,-123.0697249,b562f08327af465e4531e20226789489
Thai Basil,WWTTonzyOSAs4bIlGxux3Q,13065,4.0,43,$,118,49.27416,-123.06996,b562f08327af465e4531e20226789489
Sake Maki,7EKeO01Wmal-9tLqVUXUvA,13065,3.5,72,$$,137,49.2718728,-123.0694551,b562f08327af465e4531e20226789489
Cafe Du Soleil,HEv5_DxHSWCcpAUtKbBRKA,13065,4.0,81,$,73,49.2722732,-123.0697861,b562f08327af465e4531e20226789489
Santa Barbara Market,CnNMviSZlQGhWh8NcUOyRw,13065,4.0,58,$$,72,49.2727132,-123.0693659,b562f08327af465e4531e20226789489
Vera's On The Drive,6wzztDGSDViDWp27tBGoSQ,13065,3.5,28,$$,142,49.2718323,-123.0696006,b562f08327af465e4531e20226789489
Community Taps + Pizza,Y0gFX8lk1vOfmc2OYnjsBA,13065,3.5,7,,107,49.27406866720594,-123.0698051,b562f08327af465e4531e20226789489
Merci Beaucoup Cafe,9k97YeY5BAr76bI5N1HKJA,13065,4.0,24,,177,49.2714944,-123.0694551,b562f08327af465e4531e20226789489
Auntie Jen's Pizzeria,-3jnPOLStOTqf7pF_4mKRg,13065,4.0,13,,142,49.27181,-123.0698,b562f08327af465e4531e20226789489
Sweet Cherubim,MILJRoy07iy0bZUnR0G_jg,13065,3.5,112,$$,174,49.2746855,-123.0697373,b562f08327af465e4531e20226789489
Toscani Coffee Bar,QxuX7zibghAjZTAgxE-WXg,13065,3.5,15,$,61,49.2725626,-123.0697222,b562f08327af465e4531e20226789489
The Pizza Castle & Indian Curry,5DHwjdoJPV8i8IFoqzT-SA,13065,4.0,18,,172,49.2746537,-123.0693243,b562f08327af465e4531e20226789489
Joe's Cafe Bar,KJ0Ao8jHxf7SJXUToPeIGQ,13065,3.5,25,$,120,49.2743894,-123.0693285,b562f08327af465e4531e20226789489
Cozen,Wvzy3EHqvgFw4vixKirsAg,13065,4.5,8,,164,49.2715238,-123.0697249,b562f08327af465e4531e20226789489
Hirado Sushi,gla7RuGJHuJ5xV8Nt-zVzQ,13065,2.5,35,$,143,49.2716668,-123.0697249,b562f08327af465e4531e20226789489
Abruzzo Cafe,MeFTMrfy476JsWHR6wEJbA,13065,2.0,2,,61,49.2727942,-123.0697782,b562f08327af465e4531e20226789489
Portuguese Club of Vancouver,p7fplGQcl_LKK2dWgiWAEw,13065,3.5,22,$$,138,49.2744271,-123.0693279,b562f08327af465e4531e20226789489
Caffè Soccavo,0IwjuFljIWqyQobixrWdeA,13065,0.0,0,,61,49.272595,-123.069839,b562f08327af465e4531e20226789489
Paris Bakery,QrmiSkUQeW2MjeNixp0blA,13065,3.5,13,$,121,49.2719408,-123.0697249,b562f08327af465e4531e20226789489
Tamam To Go,HwdvolydGGGqQSpheBrNsA,13065,5.0,1,,175,49.27461,-123.06918,b562f08327af465e4531e20226789489
Adam's Pizza,wIuJSc6VIqmUwy5ApXaWVw,13065,0.0,0,,91,49.2722336,-123.0697867,b562f08327af465e4531e20226789489
Finch's Market,VTj_-DbTJX-hre5w7rIMlg,13065,4.0,37,$$,165,49.2785699636665,-123.093410391164,9a48ca226f82f52d02707b054ebc7e9e
Nuba - Mount Pleasant,8gFXr_yaSpJfb_QUEpiJoA,13065,4.0,158,$$,110,49.26797,-123.10171,9a5478470b56379c31cf4e671584d5cc
R&B Brewing,76rysffTZ06sCdlyqY9oQQ,13065,4.0,68,$,106,49.267258962520614,-123.10330380118866,9a5478470b56379c31cf4e671584d5cc
Argo Café,dPO65yVqcXagE8FUbPNruA,13065,4.0,82,$$,102,49.2684636930376,-123.104528329935,9a5478470b56379c31cf4e671584d5cc
R&B Ale & Pizza House,EichPhjYtOZDEC4KTUTxPw,13065,4.0,23,$$,120,49.2671,-123.10356,9a5478470b56379c31cf4e671584d5cc
Blaze Gourmet Burgers,_5cGjnjBRku08-LcEjv0cA,13065,4.5,22,$$,179,49.2666437,-123.1037431,9a5478470b56379c31cf4e671584d5cc
Swiss Bakery,Yw2rJt8KaFOaaaqMrZUUsw,13065,4.0,123,$,111,49.2683832324201,-123.10165840848,9a5478470b56379c31cf4e671584d5cc
Glory Juice,t6HuIdPuTn6ywi1cDLmIeg,13065,3.5,44,$,95,49.2690951,-123.1030816,9a5478470b56379c31cf4e671584d5cc
Hon's Wonton House,stpponw4dmBTnELEpmiMSQ,13065,3.0,58,,155,49.2694661422672,-123.104120051588,9a5478470b56379c31cf4e671584d5cc
Manna Sushi,C_1QbwlLo-CByZ69ngsWRQ,13065,2.5,80,$$,138,49.2691055,-123.104496,9a5478470b56379c31cf4e671584d5cc
Tractor,C8K5GvhWNYY4zBijgekT3g,13065,3.0,47,$$,154,49.2695864693285,-123.102856641256,9a5478470b56379c31cf4e671584d5cc
The Garden Strathcona,viUq9OyTgOGgcdyuNoey3w,13065,5.0,36,,64,49.28076,-123.08563,b428c0e64d9b9fdb3bf8e85c95ffdf6b
Liquids And Solids,djKcHZcez6Mtxfdk_i-kLw,13065,4.0,20,$,56,49.28135,-123.08461,b428c0e64d9b9fdb3bf8e85c95ffdf6b
VV Tapas Lounge,6qrRd4bXgVcJjXQEnpfi-Q,13065,5.0,11,,118,49.2811633,-123.0830466,b428c0e64d9b9fdb3bf8e85c95ffdf6b
S2 Cafe House,c5huGd2UwzDEsyaZ3bWm7Q,13065,3.5,10,$,53,49.2807503,-123.0853195,b428c0e64d9b9fdb3bf8e85c95ffdf6b
Aussie Pie Guy,X2ID8p7zDWYCDkdg5vpP1A,13065,3.5,39,$$,168,49.2801095059671,-123.082728725375,b428c0e64d9b9fdb3bf8e85c95ffdf6b
HoliDrink Cafe,CfpXauvU3ILQsoB9eUAZMw,13065,0.0,0,,107,49.28132,-123.08271,b428c0e64d9b9fdb3bf8e85c95ffdf6b
Prospect Point,fnGjBA5bYSBGxGjyjqfXYg,13065,3.5,82,$$,98,49.3128081868922,-123.142869863626,844aa75af0d3235a86ff827c81395afd
Nuba in Yaletown,0bfwNvbJ58pO3TTkZIcr1A,13065,4.0,99,$$,28,49.275922840711004,-123.1245237819059,e9b37f2d9b7b2e2e3ade73f13acb69b2
The Flying Pig,NdEPf2Ls5Ql3_nkwjqKvXA,13065,4.0,1257,$$,184,49.27501,-123.122,e9b37f2d9b7b2e2e3ade73f13acb69b2
Rodney's Oyster House,xYDUAD4JGLVnQUB2i8njBA,13065,4.0,807,$$,161,49.2744326,-123.1232482,e9b37f2d9b7b2e2e3ade73f13acb69b2
Tasty Indian Bistro,UwQyc3prSQp3pnvdSSmlaQ,13065,4.0,199,$$,154,49.2744011,-123.1236818,e9b37f2d9b7b2e2e3ade73f13acb69b2
Chancho Tortilleria,JUbIWP2Ky62dA7JFdgEW3Q,13065,4.0,90,$$,66,49.27618,-123.12515,e9b37f2d9b7b2e2e3ade73f13acb69b2
Brix & Mortar,kZN_-zju67rEQVUSaewRhA,13065,4.0,317,$$$,179,49.27561628359493,-123.1219105,e9b37f2d9b7b2e2e3ade73f13acb69b2
Cioppino's Mediterranean Grill,RIb01mB9pEJ3yeebyHb4XA,13065,4.0,194,$$$$,189,49.275522,-123.121794,e9b37f2d9b7b2e2e3ade73f13acb69b2
Manoush'eh,K1nbiOrySlw_-XG-3NmErQ,13065,5.0,225,$,145,49.27667072314417,-123.12570086148997,e9b37f2d9b7b2e2e3ade73f13acb69b2
Happy Noodle House,V4w2oMsWgZSmGKbbku9lKA,13065,4.5,66,$$,149,49.27664,-123.12578,e9b37f2d9b7b2e2e3ade73f13acb69b2
Cactus Club Cafe,f7Sr6NKUtQYCZZSvYiNvtA,13065,3.5,211,$$$,125,49.27522297469047,-123.12280441720084,e9b37f2d9b7b2e2e3ade73f13acb69b2
Craffles,rJbPq2B7xVaJW3myVANfRw,13065,3.5,13,,38,49.27596077867032,-123.12470816072846,e9b37f2d9b7b2e2e3ade73f13acb69b2
Glory Juice,UA2HtWb_UmpbGgAJn_LzNw,13065,4.0,14,,69,49.275634,-123.123459,e9b37f2d9b7b2e2e3ade73f13acb69b2
Hapa Izakaya,tdcbwxEP8JZfgx1NaRS9-g,13065,3.5,210,$$,147,49.2752858645102,-123.12245045952,e9b37f2d9b7b2e2e3ade73f13acb69b2
Basil Pasta Bar,dzGssH8MPm6Z8oM8AxRBaQ,13065,3.5,398,$$,163,49.2765809,-123.1255818,e9b37f2d9b7b2e2e3ade73f13acb69b2
Hundy,btfq1h29spNPLu88d0W73g,13065,3.5,69,,163,49.27562509135987,-123.1221336,e9b37f2d9b7b2e2e3ade73f13acb69b2
Sushi Maro,ApjtI5aULYXY4IXm_WNVjw,13065,3.5,86,$$,200,49.27491673721424,-123.12189090000005,e9b37f2d9b7b2e2e3ade73f13acb69b2
Two Parrots Bar & Grill,rQLp-1tgR1uhPbhJ3mqChw,13065,3.5,115,$$,196,49.2770096,-123.1261846,e9b37f2d9b7b2e2e3ade73f13acb69b2
Yamato Sushi Restaurant,6T0ceMqSLXHyLtsJLlEGbg,13065,3.5,256,$,137,49.2766,-123.12572,e9b37f2d9b7b2e2e3ade73f13acb69b2
Zab Zaab Thai Cuisine,zSVlSPVRWk2I9u28cE8brw,13065,4.5,15,,128,49.27493,-123.12321,e9b37f2d9b7b2e2e3ade73f13acb69b2
Buddha Chay Restaurant,_F94SBenBRQjumDQ0snVEA,13065,4.5,8,,161,49.27425875418606,-123.1239674,e9b37f2d9b7b2e2e3ade73f13acb69b2
Yaletown Gelato,0N9E1acBabh4u4bZ_tcrBw,13065,4.0,71,$$,103,49.27492,-123.12321,e9b37f2d9b7b2e2e3ade73f13acb69b2
Grab N Go,XQrDcM6Slk65d1sjxky-lQ,13065,5.0,5,,132,49.2748939789729,-123.12301054900007,e9b37f2d9b7b2e2e3ade73f13acb69b2
Capo & The Spritz,NqNVJzRLCVojpC_qk9QQeQ,13065,3.5,28,,165,49.2748359,-123.1228907,e9b37f2d9b7b2e2e3ade73f13acb69b2
O-Cha Tea Bar,bCcEVbCMLDBBCD3-CAE91g,13065,4.5,32,$,192,49.2760572,-123.121789,e9b37f2d9b7b2e2e3ade73f13acb69b2
Kinkura Sushi + Sake,6waQM0zOHwhxHcwcjf4rvw,13065,4.5,6,,168,49.2768209,-123.1259399,e9b37f2d9b7b2e2e3ade73f13acb69b2
Perfecto Cafe,SIUVUP4JVjlSYghzug84Mw,13065,4.0,15,$$,134,49.27706,-123.12504,e9b37f2d9b7b2e2e3ade73f13acb69b2
Tequila Cocina,a58wRN85EyXGMAn_rWxSDQ,13065,4.0,13,,195,49.27674292097157,-123.1265439838171,e9b37f2d9b7b2e2e3ade73f13acb69b2
Saigon Xua,YHaZG7cn8_YmmgDq1Ynidg,13065,3.0,16,,153,49.2743960598955,-123.12363240352406,e9b37f2d9b7b2e2e3ade73f13acb69b2
Grand Chinese Yaletown Restaurant,2M_-l_b0_SaoVsIKx1ZEOw,13065,3.5,31,,137,49.2746237358146,-123.123414612796,e9b37f2d9b7b2e2e3ade73f13acb69b2
Scarlet Tapas Lounge,4FJSU0eLE7mPzOc7GpvNXQ,13065,2.0,5,$$,193,49.2768837,-123.126335,e9b37f2d9b7b2e2e3ade73f13acb69b2
Tre Galli Gelato Caffe,QEfis06p6udDdabqxjXmCg,13065,3.5,5,,102,49.275013,-123.1234207,e9b37f2d9b7b2e2e3ade73f13acb69b2
Persian Tea House,RKFM6MkGY26lB4c4g9BzhQ,13065,3.5,3,,173,49.2768555,-123.1259883,e9b37f2d9b7b2e2e3ade73f13acb69b2
Mi Mi's Chinese Food,W_kOPEA9MvSwpeLipfC-Vw,13065,0.0,0,,149,49.27664,-123.12578,e9b37f2d9b7b2e2e3ade73f13acb69b2
Le Crocodile Restaurant,GSg5v3ZJxmMPrlAXqat8tA,13065,4.5,433,$$$$,29,49.2822815356982,-123.124911131657,32f70f7ae14ba87523c6286a6c4d5c37
Boulevard,DJplkq9x17wm2V4vIT4brg,13065,4.0,275,$$$,63,49.2827182,-123.123884,32f70f7ae14ba87523c6286a6c4d5c37
Guu Original Thurlow,XFVGGq47_5mUM9QQsRO8nA,13065,4.0,784,$$,175,49.2839786648396,-123.125567978574,32f70f7ae14ba87523c6286a6c4d5c37
JOEY Burrard,nV-MkqGnkH1fyxuVCs5Jpw,13065,4.0,536,$$,115,49.2827851242953,-123.12316775322,32f70f7ae14ba87523c6286a6c4d5c37
Salathai Thai Restaurant,QeHqiRcA9C-6zA-j6_YkIQ,13065,3.5,422,$$,66,49.28221,-123.1238,32f70f7ae14ba87523c6286a6c4d5c37
Bacchus Restaurant & Lounge,2vXKCM4qvVhCiYuCjOSMEw,13065,4.0,182,$$$,137,49.28232,-123.12281,32f70f7ae14ba87523c6286a6c4d5c37
Italian Kitchen,g-WSOodoG-L81DFYWM0FMQ,13065,3.5,638,$$$,79,49.2825685,-123.1236112,32f70f7ae14ba87523c6286a6c4d5c37
Shizen Ya,as2xQt48ltKKDUQbMCBrMw,13065,4.0,582,$$,180,49.2808844,-123.1246278,32f70f7ae14ba87523c6286a6c4d5c37
Pacifico Pizzeria & Ristorante,d8Ft7RlTYeR1v4owVyK6Dg,13065,3.5,259,$$,94,49.281796224692,-123.123983242799,32f70f7ae14ba87523c6286a6c4d5c37
Chef Hung,_moR7OXFUl3qDDXaZIhzgg,13065,4.0,25,,78,49.28199,-123.12424,32f70f7ae14ba87523c6286a6c4d5c37
Earls Kitchen + Bar,DBaxxVNg13ng0_MfosTMJw,13065,3.5,277,$$,129,49.28153637059821,-123.12368905939982,32f70f7ae14ba87523c6286a6c4d5c37
The Ballyhoo Public House,RPvSCH2rpBJ7FVWK8gcNZA,13065,4.0,9,,69,49.28210210327892,-123.12397015451256,32f70f7ae14ba87523c6286a6c4d5c37
Hubbub,HrmXBx51bAXftEMAJy0iew,13065,4.0,226,$,133,49.2820063076819,-123.12302492559,32f70f7ae14ba87523c6286a6c4d5c37
Basil Box,HUrvINmrype_IcCX8N_AnA,13065,4.0,22,,125,49.2829154885879,-123.123093321919,32f70f7ae14ba87523c6286a6c4d5c37
One Saigon,O7yK196WXqGBOxK8KNgVwg,13065,3.5,81,$,189,49.2808775,-123.1246714,32f70f7ae14ba87523c6286a6c4d5c37
Pokerrito,k3C_bH4vPWQxrPifO2kWfA,13065,4.0,53,$$,194,49.2807858,-123.1248143,32f70f7ae14ba87523c6286a6c4d5c37
Trish Juice,b_SLh0Zh1qT4ovvPbYr4hA,13065,4.5,10,,189,49.28085,-123.12482,32f70f7ae14ba87523c6286a6c4d5c37
Roaming Dragon,Ssow1Z1RC9VT3u6qSmW-eA,13065,3.5,72,$,147,49.2831339782054,-123.122912943363,32f70f7ae14ba87523c6286a6c4d5c37
Sushi Maki Japanese Cuisine,_aGG6e3dWYrKyFNpdK_vpA,13065,3.0,41,$,195,49.2808011,-123.1247905,32f70f7ae14ba87523c6286a6c4d5c37
Zubu,XjycuK4Comu_agn_8PtpeA,13065,4.0,5,,107,49.28200687636412,-123.12342465140536,32f70f7ae14ba87523c6286a6c4d5c37
Jonathon T's Deli Restaurant,sGC3BkFnrCamF09G8cNbnQ,13065,0.0,0,,94,49.28203,-123.12576,32f70f7ae14ba87523c6286a6c4d5c37
Sausage Cart,sQ0fBSttmA3-LNxAaFwZTg,13065,5.0,1,,163,49.28329,-123.12273,32f70f7ae14ba87523c6286a6c4d5c37
Veresk Donair Hut,zv6KheIdkR3T9qL6mSHohQ,13065,2.0,1,,188,49.2808317,-123.1247428,32f70f7ae14ba87523c6286a6c4d5c37
Cafe De Medici,0QVXUXuvHqinFhwUGMVylA,13065,0.0,0,,195,49.28403,-123.12336,32f70f7ae14ba87523c6286a6c4d5c37
Sin Mei Trading Company,iwiLvitac9L2zqc7kZTOLQ,13065,0.0,0,,165,49.282549,-123.1220751,32f70f7ae14ba87523c6286a6c4d5c37
Lilu Deli & Restaurant,pAJ4hJDGV9QkWH2LZ3ul8Q,13065,0.0,0,,188,49.2808317,-123.1247428,32f70f7ae14ba87523c6286a6c4d5c37
Score on Davie,MimKL6DZXjW6pAB2USBADg,13065,4.5,344,$$,193,49.2823221457395,-123.134614739512,df5ab349a7a85d4b10da4cc3ec65c607
Kinara Indian Cuisine,9vDRiLnA5UGE2DiWOGQmuw,13065,4.0,32,,78,49.2831201857873,-123.135653703493,df5ab349a7a85d4b10da4cc3ec65c607
Matchstick Coffee,zknA7-f9PPbBT4FwWK8Ixg,13065,4.0,20,,119,49.28318,-123.13494,df5ab349a7a85d4b10da4cc3ec65c607
Le Coq Frit,vB_u-YiLvSmXUpdd_8D1LQ,13065,4.5,27,,74,49.2636151,-123.1479001,e0318460138ffbf4692005d5b5a9f900
Akbar's Own Dining Lounge,VcQA3_Ns-CpQwEAA99Kp6g,13065,3.5,102,$$,121,49.2638957,-123.1483493,e0318460138ffbf4692005d5b5a9f900
Viet Flavour Restaurant,eXCJpiJkC9nocc-KW9H0lA,13065,4.0,30,,140,49.2635951,-123.1462632,e0318460138ffbf4692005d5b5a9f900
Greens Organic + Natural Market,1BcSeadUycB1JM1Ru-cAVw,13065,3.5,48,$$,146,49.263575,-123.149878,e0318460138ffbf4692005d5b5a9f900
C&T Fried Chicken,lrTX-i6n1CQSz1hlqepyTQ,13065,4.5,15,,195,49.2639629,-123.1459703,e0318460138ffbf4692005d5b5a9f900
Blenz Coffee,kUby51PyC8IIaVBG3mKZzw,13065,2.5,31,$$,162,49.26359,-123.15041,e0318460138ffbf4692005d5b5a9f900
The Vancouver Fish Company,-E1kVYGDwyijG06SaCmvuQ,13065,3.5,249,$$$,117,49.2706337,-123.13633,db51c556fe50ec1deefbc9697c70cb51
The Sandbar Seafood Restaurant,0d9r36yJ2Zg9ggcOaAZmQA,13065,3.5,701,$$$,158,49.27165,-123.134376,db51c556fe50ec1deefbc9697c70cb51
The Keg Steakhouse + Bar,ZVcBdyUIupDQzbMvP1dzPg,13065,3.5,199,$$$,127,49.27129807379498,-123.13585121318752,db51c556fe50ec1deefbc9697c70cb51
Tony's Fish & Oyster Cafe,gAjatT2KWVbEI6dVa-Kd0A,13065,3.5,216,$$,111,49.2707626,-123.1361439,db51c556fe50ec1deefbc9697c70cb51
Alimentaria Mexicana,wJuDPnJoACTm6oBLzCUfkw,13065,3.5,47,$$$,161,49.27174542091458,-123.13493058085443,db51c556fe50ec1deefbc9697c70cb51
Off the Tracks Espresso Bar and Bistro,BMtilzWQheOVprAwNoHSTQ,13065,3.5,64,$$,91,49.2704079,-123.1340809,db51c556fe50ec1deefbc9697c70cb51
Blue Hat Bistro,zcl4Gd-WHQ5sqNE8CnlfFg,13065,3.5,83,$$,189,49.26986,-123.13792,db51c556fe50ec1deefbc9697c70cb51
My Island Café,QICqmih79q_lHJQXa00z-g,13065,4.5,3,,94,49.27031,-123.13626,db51c556fe50ec1deefbc9697c70cb51
Beanstalk Bistro,X6JLoqZtGWsl7SlhTU0Vhw,13065,3.5,5,,82,49.2702199,-123.1356738,db51c556fe50ec1deefbc9697c70cb51
Object Design Claims,9jCCotXVvhfedv5tjvhOCA,13065,0.0,0,,164,49.2716761,-123.134462,db51c556fe50ec1deefbc9697c70cb51
Yolks,CX-NLp9SM3V2ooO9RIOhYg,13065,4.0,435,$$,110,49.281081,-123.072931,58a026f0c506caec20697a4f90538450
Sneaky Pete's Pool Cafe,g5e7KBn26r3cwMx-CvdoHg,13065,4.5,3,,52,49.280892171875216,-123.07399213314056,58a026f0c506caec20697a4f90538450
Nonna's Table Cafe & Pizzeria,7wea88BM03iACnI26XwTCw,13065,3.0,30,$$,105,49.2813660649828,-123.074312455088,58a026f0c506caec20697a4f90538450
Lupo,wHTXCWVsx2PYPT21JV-HeQ,13065,4.5,432,$$$,176,49.27823,-123.1174,0e0aef6fabaa808b3a3cef24657257a4
JINYA Ramen Bar - Vancouver,8-l4x9EYK6JAbMycfrDU3Q,13065,4.0,414,$$,146,49.28031515071204,-123.11793569570304,0e0aef6fabaa808b3a3cef24657257a4
Tutto,vdQbDQHPq_nA30ngxEgMJg,13065,4.5,49,$$$,89,49.2784091,-123.1187139,0e0aef6fabaa808b3a3cef24657257a4
Homer St. Cafe and Bar,_-8ejJfWv0xttOgqU8a0NA,13065,3.5,343,$$,117,49.2783665,-123.1182373,0e0aef6fabaa808b3a3cef24657257a4
Per Se Social Corner,s_Wc0w6NA4KzRwEG27SL5Q,13065,3.5,231,$$,89,49.2785831916346,-123.118480343303,0e0aef6fabaa808b3a3cef24657257a4
Cibo Trattoria,E07HAZDr5pQW9r_T-h1Qcw,13065,3.5,132,$$$,89,49.27946,-123.12045,0e0aef6fabaa808b3a3cef24657257a4
Japadog,a7YBnJsJUSg5AnfDM9ZmYg,13065,4.0,822,$,124,49.2802668,-123.1184049,0e0aef6fabaa808b3a3cef24657257a4
Uva Wine & Cocktail Bar,7tG5HXPSwk98q0Cc_ICicQ,13065,4.0,204,$$,89,49.27946,-123.12045,0e0aef6fabaa808b3a3cef24657257a4
Red Card Sports Bar + Eatery,Yqp6VvqXT-1n1uIog0TiSQ,13065,3.0,112,$$,84,49.2793335643147,-123.120303153992,0e0aef6fabaa808b3a3cef24657257a4
Straight Outta Brooklyn NYC Pizzeria,Bznl0qYDT-V6DIVkimUBKw,13065,4.0,224,$,183,49.2791165,-123.1166227,0e0aef6fabaa808b3a3cef24657257a4
Incognito Coffee,3ByjrLF8nyArUxvO6vqJCw,13065,4.5,151,$$,129,49.2803854,-123.1196299,0e0aef6fabaa808b3a3cef24657257a4
Paramount Fine Foods,DudKSeV0CYf3K9ApnihG2A,13065,3.5,148,$$,128,49.2803610180563,-123.118611177157,0e0aef6fabaa808b3a3cef24657257a4
Hendricks Resto-Lounge,UAYCq0BHeHLYGCEBslpj1g,13065,4.0,23,$$,164,49.27984,-123.11688,0e0aef6fabaa808b3a3cef24657257a4
Roxy Burger,ch8fd1GZU_gWwijNWgIsXg,13065,3.0,77,$$,198,49.279967406049416,-123.12165820912195,0e0aef6fabaa808b3a3cef24657257a4
Memphis Blues BBQ,QAmbdy-Cg1GRA-NTSLkcXQ,13065,3.0,123,$$,123,49.2797675122035,-123.117631673813,0e0aef6fabaa808b3a3cef24657257a4
Tractor,r1zXupB1vrDB6WLzBf2FDA,13065,4.0,78,$$,156,49.2806237171195,-123.118595941751,0e0aef6fabaa808b3a3cef24657257a4
Viet Sub,3rymK-sN2iuN3R0crSBQVQ,13065,4.0,269,$,123,49.2801634,-123.1182089,0e0aef6fabaa808b3a3cef24657257a4
Pizza Garden Smithe,0YioR9H49FkkggyEiijcyQ,13065,3.5,145,$,163,49.2802367,-123.1210328,0e0aef6fabaa808b3a3cef24657257a4
Bentoya,GwJi5y2V5efOEQSM8UfvcA,13065,4.0,31,,119,49.2800969076001,-123.118120506406,0e0aef6fabaa808b3a3cef24657257a4
Super Chef Grill,vtGxOG7DVS7ftBzRW94uDA,13065,4.5,81,$,187,49.279012421188,-123.116581099631,0e0aef6fabaa808b3a3cef24657257a4
The Chopped Leaf,ZhOsv4f2cTw8n3K4BgHAAw,13065,3.0,96,$$,110,49.2798522,-123.1177342,0e0aef6fabaa808b3a3cef24657257a4
ZAC.ZAC Japanese Curry House,QA89npzfKP8-Qd2sGIKfTA,13065,4.0,95,$,135,49.2804712,-123.1186985,0e0aef6fabaa808b3a3cef24657257a4
Falafel King,CnMFaUx_ALosYlhPA5eCHw,13065,3.5,34,,119,49.2802107,-123.118284,0e0aef6fabaa808b3a3cef24657257a4
Curry Fusion,j8Y5g0hGCTeyIKoVtlJHCg,13065,4.5,45,$,141,49.2804427,-123.1184283,0e0aef6fabaa808b3a3cef24657257a4
Dublin Calling,PIOjZSmhxq9IX-EMCOF0SA,13065,2.5,41,$$,176,49.2800688,-123.1215138,0e0aef6fabaa808b3a3cef24657257a4
Sushi Bros,wQX_TZqgV-xJH6aNNPwayA,13065,4.0,36,,175,49.2791884,-123.1167306,0e0aef6fabaa808b3a3cef24657257a4
Meat & Bread,Hz2piNANW8OOmakhM8lVZA,13065,3.5,25,,197,49.28096,-123.11898,0e0aef6fabaa808b3a3cef24657257a4
Ebi-Ten,741SMgw6IZUEuQOCqzcSfg,13065,3.5,144,$$,164,49.2792075,-123.1167593,0e0aef6fabaa808b3a3cef24657257a4
Grab N Go,5Lpmkn24RhExTwtguzDSAA,13065,4.0,10,,187,49.2780795,-123.1173949,0e0aef6fabaa808b3a3cef24657257a4
A&W,F7wUp0MF5aCHqRYF-BDshQ,13065,2.5,12,$$,125,49.27964106,-123.11751371,0e0aef6fabaa808b3a3cef24657257a4
Prost Haus,tUCAPBn2LrdWncH2MSqmlA,13065,3.0,10,,177,49.2799481,-123.1213578,0e0aef6fabaa808b3a3cef24657257a4
E-Mo Restaurant,baaRyYSG9yF-vaazmvq0lA,13065,3.0,15,$$,135,49.2804712,-123.1186985,0e0aef6fabaa808b3a3cef24657257a4
Le Parfait,-wci94VxIknaBS_-7vQXsA,13065,4.5,3,,142,49.27914137816261,-123.1171837,0e0aef6fabaa808b3a3cef24657257a4
Aladdin Cafe,lbOpkv-F4wS4lb8MouP0DA,13065,3.0,74,$,184,49.2809146278682,-123.118941949609,0e0aef6fabaa808b3a3cef24657257a4
Masarang Deli Department of Hmart,dHp4-O-5zOGQzqEXT2jPOw,13065,4.0,1,$,135,49.2804718,-123.1186981,0e0aef6fabaa808b3a3cef24657257a4
Big G Fried Chicken Steaks,_euBl_vh5YewBn0vj3H6KQ,13065,2.5,22,,172,49.2791896432564,-123.116764649749,0e0aef6fabaa808b3a3cef24657257a4
SKK,_hgnabctXKOVhiU6XkbxQg,13065,2.0,21,$,178,49.2793149,-123.1166865,0e0aef6fabaa808b3a3cef24657257a4
DQ / Orange Julius Store,AUZzqFeoDjDwIsM53a1ngA,13065,3.0,13,$$,124,49.279578,-123.1174955,0e0aef6fabaa808b3a3cef24657257a4
Pelicana Chicken,z_4L33kItkBtPbTi9x8U0A,13065,3.5,2,,172,49.27920182795086,-123.1167646497488,0e0aef6fabaa808b3a3cef24657257a4
Gong cha,zSI_0yNVgHyrcgV3rciOvg,13065,5.0,1,,168,49.27905,-123.11695,0e0aef6fabaa808b3a3cef24657257a4
Temaki Sushi,OULhS4WGI_mh5gRGLZBySg,13065,4.0,158,$$,77,49.263919,-123.154395,2681455ba2d97283998a806b14d3e95c
Casereccio Foods,qR4rQOC8ewW0PD5KK9Blng,13065,4.5,30,,178,49.2642,-123.15742,2681455ba2d97283998a806b14d3e95c
Gyo Para Gyoza & Ramen Bar,jEB1fdlOACZLofxH_Ca2xQ,13065,4.0,99,$$,133,49.2637073656912,-123.153455257416,2681455ba2d97283998a806b14d3e95c
Evelyn's Coffee Shop,l14TILhWRFE3XeyrhK0H6w,13065,4.5,42,$,50,49.2637323,-123.1548308,2681455ba2d97283998a806b14d3e95c
Yagoto Sushi Dining,HhJyqNI0VOge4euARmlN7A,13065,4.5,77,$$,81,49.263793589572,-123.154220015935,2681455ba2d97283998a806b14d3e95c
Livni Café & Bakery,tUh4NuINdnkbVF16iPc2wQ,13065,5.0,4,,64,49.2640185,-123.1557477,2681455ba2d97283998a806b14d3e95c
Z&W Shanghai,sB69pz8tOErRkHEU7k44nQ,13065,4.0,23,,137,49.2635679666207,-123.153370158669,2681455ba2d97283998a806b14d3e95c
Edible Flours,_kCmJ7NbgMjAsSUQsmyrlw,13065,4.0,81,$,116,49.2637482974399,-123.156828558096,2681455ba2d97283998a806b14d3e95c
Napoletana Pizza Cafe & Gelato,V2MqBu1-l3PNISA2BkvLSw,13065,3.5,59,$$,189,49.2629833278338,-123.152794573611,2681455ba2d97283998a806b14d3e95c
Regal Beagle,LziFVCriy7E3PpwpiGgjmw,13065,3.0,61,$$,128,49.26419,-123.15681,2681455ba2d97283998a806b14d3e95c
Platform 7,zm699HmLWnw8PgT1JDw5Ag,13065,3.5,73,$$,192,49.2636455299244,-123.157918382853,2681455ba2d97283998a806b14d3e95c
Super Smash Burgers,lceqOJdlxAuey7uvo7kmng,13065,0.0,0,,138,49.26419,-123.15702,2681455ba2d97283998a806b14d3e95c
Yogi-Yo Korean Restaurant,5lxhq0nQJ4OThhSAvoAZ6g,13065,3.5,2,,182,49.263136,-123.1528246,2681455ba2d97283998a806b14d3e95c
Jamjar - Folk Lebanese Food,OHdcby7tM50qyOOcV9nrvA,13065,4.0,254,$$,79,49.264412,-123.0695951,c64ee19c62a363019ddbaedf71df2882
B House,t9g6KKmAl0dgsftMxGpXPA,13065,4.5,19,,85,49.264473795087,-123.069533295929,c64ee19c62a363019ddbaedf71df2882
Loku Japanese Cuisine,vLnt37_PWcAiTvw-SJIJMQ,13065,3.5,25,,79,49.264412,-123.0695951,c64ee19c62a363019ddbaedf71df2882
Harambe Restaurant,kiNams-1PqBfHMEu4jJKrA,13065,4.0,134,$$,197,49.265519,-123.069867,c64ee19c62a363019ddbaedf71df2882
Juno Provisions,9ltXAbwXKZa7FECq9tdGgg,13065,4.0,12,,74,49.26440881423837,-123.07001609355211,c64ee19c62a363019ddbaedf71df2882
Broadway Station Sushi,qojkMf7X9QjjTBMpsFIkiw,13065,3.5,92,$$,189,49.2621642815068,-123.07085772678,c64ee19c62a363019ddbaedf71df2882
Uncle Fatih's Pizza,I_htQGvBNVkH2j1zaEfANQ,13065,3.5,171,$,141,49.2624549,-123.0700874,c64ee19c62a363019ddbaedf71df2882
Megabite Pizza,JIlC64DUU57S5PDmtPb9yA,13065,2.5,52,$,112,49.2626382,-123.0696451,c64ee19c62a363019ddbaedf71df2882
A&W,hIPlc-k-0-g6oTcH1C5BZQ,13065,2.5,30,$,117,49.2627265,-123.0694771,c64ee19c62a363019ddbaedf71df2882
Blenz Coffee,s7RG7BBV4Yp0r6OaJ6wPwQ,13065,2.5,28,$,123,49.2626384,-123.069741,c64ee19c62a363019ddbaedf71df2882
DK Chicken,4dx9reXFn8EINhbHrBiYgw,13065,4.0,8,,191,49.26201,-123.07091,c64ee19c62a363019ddbaedf71df2882
Donair Dude,o-AGcEVVbNDk3_SCEhNERg,13065,3.5,3,,115,49.2627798,-123.0694127,c64ee19c62a363019ddbaedf71df2882
Hon’s Wonton House,n756OL-fbe0sOKAMEfsphg,13065,2.5,5,,143,49.26257739188594,-123.070719278168,c64ee19c62a363019ddbaedf71df2882
Joon's Kitchen,4sJgeCWPtd9Hx1OcXXmX_w,13065,4.0,58,,78,49.2580379,-123.1270746,421516af381a11f54d07fc79be68d3d3
Zaccary's Pizza,13Iwpf9JdYB2IFE2D4-Tsw,13065,4.0,58,$$,142,49.2572655,-123.1271051,421516af381a11f54d07fc79be68d3d3
Rayhan,gzkgE04Ys0fFJrmSxWbGNQ,13065,4.0,20,,149,49.2572592,-123.1271051,421516af381a11f54d07fc79be68d3d3
De Dutch,wUDhTxF_oZMRr6X1-LQCHg,13065,3.5,44,$$,165,49.2572523,-123.1271051,421516af381a11f54d07fc79be68d3d3
Folke Restaurant,LfA9OPsOhDKU-BMJ9fLyog,13065,4.5,7,,23,49.2641529,-123.1643358,abfaf72456a4828a22f5bf60d3a80777
Mr. Red Cafe,EvVCF3mompCg3PPkpqip2A,13065,4.0,118,$$,90,49.2640755304294,-123.165913715756,abfaf72456a4828a22f5bf60d3a80777
Dairy Queen Grill & Chill,tpbj_b1MWaLd8cVjJl5u-w,13065,3.0,22,$,15,49.26423812406744,-123.16488750659573,abfaf72456a4828a22f5bf60d3a80777
Sunshine Diner,x63Njqk1QbKT3_QawD4IIQ,13065,3.5,149,$$,52,49.264136,-123.165389,abfaf72456a4828a22f5bf60d3a80777
White Spot,GG3V3pzpE9pRIKzA_AphbA,13065,3.5,64,$$,118,49.2638179420072,-123.163287331925,abfaf72456a4828a22f5bf60d3a80777
Nat's New York Pizzeria,XgOcemy8NPoxwi4LBOrqfw,13065,3.5,119,$,101,49.2638609,-123.1659228,abfaf72456a4828a22f5bf60d3a80777
Ah Long Sushi,gn6wsk4yrpgEKk5UdqUugg,13065,3.5,6,,112,49.2641841,-123.1662602,abfaf72456a4828a22f5bf60d3a80777
Cafe Crepe,1XJ_LDAFk4uryxHfktnMYA,13065,2.5,2,,120,49.2641845,-123.1662892,abfaf72456a4828a22f5bf60d3a80777
Hitoe Sushi Japanese Restaurant,FmD4x9ClmSzSLKOTV7jfXw,13065,4.0,175,$$,81,49.268648,-123.1789136,671ce9e4a92063620f772d2c57f0f3ab
Castaway Bar and Kitchen,Lnv8SNIQgnoZ-FzLzf19Og,13065,3.0,19,,24,49.2686233,-123.1773567,671ce9e4a92063620f772d2c57f0f3ab
Kits Coffee & Bistro,ny6Qdg9JYX6zoTMurk_Rcw,13065,0.0,0,,27,49.2687347,-123.1779806,671ce9e4a92063620f772d2c57f0f3ab
Published On Main,5-adl2zPRMgammVOoz5WEg,13065,4.5,90,,18,49.25283186017385,-123.10116032897228,89a0b49a66e54a7639ad960962148a3e
Foglifter Coffee Roasters,2sN6gCCslZrPo5-C7HZ90A,13065,4.0,15,$,62,49.2531365,-123.1007951,89a0b49a66e54a7639ad960962148a3e
Bob Likes Thai Food,D4JtQNTI4X3KcbzacDJsMw,13065,3.5,193,$$,147,49.25134,-123.10133,89a0b49a66e54a7639ad960962148a3e
Suyo Modern Peruvian,X6BwoRVw9SZllZ4jAMfdSQ,13065,4.5,10,,149,49.2540292,-123.10106599580521,89a0b49a66e54a7639ad960962148a3e
Sushi Main,TRYXC-fnNuWe41w-7xVLew,13065,3.5,25,$$,102,49.2518921,-123.100769,89a0b49a66e54a7639ad960962148a3e
Coco et Olive Fine Foods & Cafe,JloM6Wfz5YPBzZkJ8J6qyQ,13065,3.5,82,$$,112,49.251657,-123.1011876,89a0b49a66e54a7639ad960962148a3e
Church's Texas Chicken,eIjgojlxRxC77-PZQkIo6w,13065,3.0,37,$,164,49.2541697,-123.101263,89a0b49a66e54a7639ad960962148a3e
Pittie Coffee,OGlfpaWoE4UnPyDuRCbjIg,13065,4.0,8,,90,49.2519475,-123.1008351,89a0b49a66e54a7639ad960962148a3e
Pizza Hut,kyKSPGalAGSUdEv38Cx9Uw,13065,1.5,38,$$,189,49.2543999,-123.10131,89a0b49a66e54a7639ad960962148a3e
To Dine For Eatery,Z63CvMshIW9FjDRaFph3bg,13065,4.5,71,$$,167,49.2724419,-123.0957108,44fc3d58831a9f2b919c7a3a1838b74a
McDonald's,d6uZPjjuWz4_k96JeHTZhw,13065,2.5,45,$,200,49.271917,-123.100716411045,44fc3d58831a9f2b919c7a3a1838b74a
Donair Dude,mctpdqAN0bHz2QgYWYu0Mw,13065,4.5,2,,143,49.2729945,-123.0998487,44fc3d58831a9f2b919c7a3a1838b74a
Ekki Sushi,Z3Kyy6z55tOup6VpIVR8fw,13065,4.5,4,,178,49.27377,-123.09797,44fc3d58831a9f2b919c7a3a1838b74a
Brock House Restaurant,PzB-695W-NwF7_Ama9WT3g,13065,3.0,41,$$$,112,49.2718708453302,-123.190484473825,d40db8c27c5bd409d57cfa846f73c378
iDen & Quan Ju De Beijing Duck House,Zi8Ywk36Ws_4zjw2gjMMFA,13065,3.5,77,,60,49.26021,-123.1148451,07b13214cb69f2ec007d888450f3d6bc
Indian Roti Kitchen,pJge_LJ3NV8iQtrERe6AyQ,13065,4.5,158,$$,74,49.25901,-123.11538,07b13214cb69f2ec007d888450f3d6bc
Passion8 Dessert Cafe,-HfxEoo3wIWFApvuDcHEGg,13065,4.0,208,$$,128,49.258435242883,-123.11499774456,07b13214cb69f2ec007d888450f3d6bc
The Golden Horn Turkish Bakery & Cafe,rZNgrcmNQWqxS54FiNvxJw,13065,5.0,9,,45,49.25981092848732,-123.11528339982033,07b13214cb69f2ec007d888450f3d6bc
Tropika On Cambie,KN9zCrgwHj_iWQGEf3Vzyw,13065,3.0,174,$$,82,49.2589,-123.11538,07b13214cb69f2ec007d888450f3d6bc
New Sun Restaurant,ovjumOkIMjG36JGdhdTNUA,13065,3.5,27,$,52,49.2592643,-123.1152101,07b13214cb69f2ec007d888450f3d6bc
The Firewood Café,NPOkjob3PFlNrvZ-GO3fqQ,13065,4.0,120,$$,117,49.2584924,-123.1148336,07b13214cb69f2ec007d888450f3d6bc
Shiro,HIJlNqu7VKYAxFApilHg6w,13065,4.0,244,$$,183,49.2580042,-123.1149151,07b13214cb69f2ec007d888450f3d6bc
Hot Delivery Chinese Food,pQsTrwmMl9qRlXaJ9_RCzw,13065,2.5,54,$$,98,49.2586971,-123.1149428,07b13214cb69f2ec007d888450f3d6bc
Kyu Grill,NBm-y1Jv-sV5TeDmOWDP_A,13065,4.0,13,,135,49.2603797912598,-123.113357543945,07b13214cb69f2ec007d888450f3d6bc
V Yaletown,lI_MtIincsGqUGMmvzEZRw,13065,3.5,6,$$,92,49.2588426791359,-123.114166259766,07b13214cb69f2ec007d888450f3d6bc
Bubble Waffle Cafe,NAP1sxQaytZs9HPAP9o5cQ,13065,4.0,17,$,200,49.26086,-123.11629,07b13214cb69f2ec007d888450f3d6bc
La Taqueria Food Truck,llF189b_pwk0h4pvnP4q-g,13065,4.5,7,,193,49.261226,-123.1139268,07b13214cb69f2ec007d888450f3d6bc
Chirpyhut Fried Chicken,AdlGyoE9ff7dxZv-tklsLQ,13065,3.5,13,,165,49.2580199,-123.1149151,07b13214cb69f2ec007d888450f3d6bc
Kim Son Vietnamese,zAyRbzNdf8WZKPEz5omR_A,13065,3.5,11,$,200,49.26086,-123.11629,07b13214cb69f2ec007d888450f3d6bc
Soup Zone,E8_KAo1Wu6zRYbfy511I3w,13065,3.5,10,$$,200,49.26086,-123.11629,07b13214cb69f2ec007d888450f3d6bc
Old Country Pierogi,bejZFTZusWxVngrsk4RE0Q,13065,3.5,7,$,193,49.261226,-123.1139268,07b13214cb69f2ec007d888450f3d6bc
Freshii,B_Fh6c4ltuglgTsSGUwmVA,13065,3.5,3,,200,49.26098811906002,-123.11649508774282,07b13214cb69f2ec007d888450f3d6bc
Five Star Fried Chicken,nVCUL9tCURfWGAJIw0F5Fw,13065,3.0,6,,200,49.26086,-123.11629,07b13214cb69f2ec007d888450f3d6bc
A&W,a2TPk6l9bnsXHjIwjZt0nw,13065,2.0,10,$,200,49.26086,-123.11629,07b13214cb69f2ec007d888450f3d6bc
Thai Away Home,Ya281wgqbI3MbXXR2r6p_A,13065,3.0,7,,170,49.2607144,-123.116348,07b13214cb69f2ec007d888450f3d6bc
Chili Tank,KZCG_rFrSixuGCmQWhghOQ,13065,5.0,1,,193,49.261226,-123.1139268,07b13214cb69f2ec007d888450f3d6bc
Subway,xflI2M3ZSnqihlDwjTSlCw,13065,2.0,6,,200,49.26086,-123.11629,07b13214cb69f2ec007d888450f3d6bc
Hiro Sushi,1EmTFvc3EUWPHuVt_9UB0w,13065,4.0,1,$,164,49.2608604,-123.1162872,07b13214cb69f2ec007d888450f3d6bc
King's Wok,afQjQ9hdh-cPVMW_9PtpTw,13065,4.0,1,,177,49.26082467067226,-123.11630498617889,07b13214cb69f2ec007d888450f3d6bc
Sushi Tomi,VRNav8OB91V4ic0yTNcOHQ,13065,2.5,6,,193,49.2609728026344,-123.116367682815,07b13214cb69f2ec007d888450f3d6bc
Keegan Country,s7xLMRGqBUhxndYzfiP9Xw,13065,1.0,1,,193,49.261226,-123.1139268,07b13214cb69f2ec007d888450f3d6bc
Yuzu,PM1_JLPnZVPbgScyNEQFKA,13065,2.5,3,,183,49.2580042,-123.1149151,07b13214cb69f2ec007d888450f3d6bc
CanTresor Pretzels,jHJrCb-MgilhZoLF1VV7nQ,13065,2.0,2,,200,49.26086,-123.11629,07b13214cb69f2ec007d888450f3d6bc
Dairy Queen,UHoaUfR1gWsSo3Nr6_5nBg,13065,0.0,0,,177,49.2608340067044,-123.116287021026,07b13214cb69f2ec007d888450f3d6bc
Kingyo,crM1idgY_glhtxXT5kERNg,13065,4.5,1038,$$,196,49.29061,-123.13714,f5e8fa1fc4252bda2f93dd27ed2d603f
Olympia Restaurant,gBQymRxldIfwI4Iq0oJgEg,13065,3.5,144,$$,29,49.2891023,-123.1387641,f5e8fa1fc4252bda2f93dd27ed2d603f
Peaked Pies,E1W37ovBz6IVo5SEHVfD0g,13065,4.5,194,$$,69,49.2896489,-123.1384797,f5e8fa1fc4252bda2f93dd27ed2d603f
Ong Ba,AMFubtiJVDWG6uOT2fWVEA,13065,4.5,15,,58,49.2895502300818,-123.138065747917,f5e8fa1fc4252bda2f93dd27ed2d603f
España Restaurant,oLoO76fZnnci-TOj9xWF1A,13065,4.0,245,$$,184,49.2880552,-123.1404114,f5e8fa1fc4252bda2f93dd27ed2d603f
Noah's Cafe,U3L-K3CQsQOSETtmTCxiBQ,13065,4.5,29,,147,49.28827635407216,-123.1400279,f5e8fa1fc4252bda2f93dd27ed2d603f
Legendary Noodle House,lkesp7bQlPaaANqGlTS1PA,13065,3.5,227,$$,119,49.2883958,-123.13983,f5e8fa1fc4252bda2f93dd27ed2d603f
MITbit,vOzWw7aykvQY1HpD7RwTVQ,13065,4.5,11,,35,49.2891303,-123.1387241,f5e8fa1fc4252bda2f93dd27ed2d603f
Café Portrait,nFxhMiWh2JRfaWW79aj66A,13065,4.5,39,,180,49.2881056129168,-123.140413686633,f5e8fa1fc4252bda2f93dd27ed2d603f
Cafe Phin and Pho,cH37SRKLy26PvjViLkO-Bg,13065,4.0,144,$,66,49.2896213,-123.1380437,f5e8fa1fc4252bda2f93dd27ed2d603f
Ofra’s Kitchen,tzJJt5AQjenw-VbUrEnfxw,13065,4.5,39,,136,49.2882676,-123.140038,f5e8fa1fc4252bda2f93dd27ed2d603f
Sushi Aboard,5rbWt4GTy0SXA6H5-s1QVQ,13065,3.5,32,,85,49.28897,-123.13961,f5e8fa1fc4252bda2f93dd27ed2d603f
Rio Brazilian Steakhouse,smHdOf6ISN9SUJAC_zPKEA,13065,2.5,198,$$$,196,49.287960590433606,-123.14051934294076,f5e8fa1fc4252bda2f93dd27ed2d603f
Burger King,hEUee1BgREGJylWrBx-yyw,13065,1.5,37,$,61,49.288948059082,-123.139236450195,f5e8fa1fc4252bda2f93dd27ed2d603f
The Basic,_mdM049YVXh1Fuhr4aFNuA,13065,3.5,66,$$,105,49.2897756,-123.13774,f5e8fa1fc4252bda2f93dd27ed2d603f
Nat's New York Pizzeria,5TkywhSsAbrrLIVNzZQasQ,13065,3.5,94,$,131,49.28829,-123.13985,f5e8fa1fc4252bda2f93dd27ed2d603f
Frying Pan,g6F_Mdi63zQM5QBVygmJmg,13065,4.5,22,,167,49.28835486722387,-123.1404394134939,f5e8fa1fc4252bda2f93dd27ed2d603f
Big Bang Sushi,CkjGmBJ--cOsQkC7_YIFsA,13065,4.5,13,,173,49.2883087715973,-123.140502534807,f5e8fa1fc4252bda2f93dd27ed2d603f
Zeitoon Restaurant,Njt9q1ohZTBXzO-C7fGb5w,13065,3.0,138,$$,194,49.2880307,-123.1405821,f5e8fa1fc4252bda2f93dd27ed2d603f
Gillaneh Grill House,xwd7Nkbuc3zzTpnFuKtU6A,13065,3.0,40,,113,49.2884058,-123.1398146,f5e8fa1fc4252bda2f93dd27ed2d603f
Panago Pizza,h5ols5d6PMFVxiRp-_Dg8w,13065,3.0,20,$$,78,49.289681,-123.1384315,f5e8fa1fc4252bda2f93dd27ed2d603f
A&W,bRupNgXLrQPHkaFzmRop-w,13065,3.5,4,$,62,49.28962299,-123.13854395,f5e8fa1fc4252bda2f93dd27ed2d603f
Chef Ron,POgP2QiqScF-oOMHSz7sww,13065,3.5,3,,75,49.28905,-123.13951,f5e8fa1fc4252bda2f93dd27ed2d603f
Akira Sushi,IXo1IVxa_ACLn6UhK2bjsQ,13065,3.5,95,$$,139,49.28858,-123.14017,f5e8fa1fc4252bda2f93dd27ed2d603f
93 Coffee,fn-XuJ_SPPPlr2rYHKmltQ,13065,5.0,2,,84,49.28853156299956,-123.1392191,f5e8fa1fc4252bda2f93dd27ed2d603f
Falafel King Restaurant,Tn3oDa6GneVCxky2qvVrXQ,13065,3.5,53,$,170,49.28801,-123.14027,f5e8fa1fc4252bda2f93dd27ed2d603f
Blenz Coffee,Elg0UCjUUNJEDuHvtijM_Q,13065,3.5,33,$,143,49.2900664,-123.1378346,f5e8fa1fc4252bda2f93dd27ed2d603f
Thios,kNMvrXozJoxLI2RUGFLP3w,13065,4.0,12,,134,49.28871855877687,-123.14018201350706,f5e8fa1fc4252bda2f93dd27ed2d603f
Pho 555 Vietnamese Restaurant,dTpWAhmNJl6JXgMNCr2_QA,13065,4.5,4,,173,49.2879772,-123.1404632,f5e8fa1fc4252bda2f93dd27ed2d603f
The Frying Pan,nSTLbX9ohf5kiTJjjXlkVA,13065,4.0,2,,166,49.28836755093865,-123.1404367313858,f5e8fa1fc4252bda2f93dd27ed2d603f
余香 J&P Kitchen Asian Restaurant,tMIfqLxbxmu66RMzxkX8JA,13065,3.0,2,,148,49.2881957,-123.1401499,f5e8fa1fc4252bda2f93dd27ed2d603f
Kingyo,NmaR8AWTebaIevgHIXyIVg,13065,0.0,0,,196,49.29061,-123.13714,f5e8fa1fc4252bda2f93dd27ed2d603f
La Brasserie Restaurant,71DYpeCU7es04vo5u9zgAQ,13065,0.0,0,,103,49.2881938,-123.1388915,f5e8fa1fc4252bda2f93dd27ed2d603f
Tampopo Gardens,7GgQIkWJTD9B7LXdFQlp3Q,13065,4.0,1,,190,49.2880012935723,-123.140458868717,f5e8fa1fc4252bda2f93dd27ed2d603f
Desi Downtown,NT1tQw8LQe2XsPONmG6Gvg,13065,0.0,0,,162,49.29042,-123.13749,f5e8fa1fc4252bda2f93dd27ed2d603f
Tableau Bar Bistro,iafE2JEpZ_ipd89tlk1MTA,13065,4.0,264,$$,42,49.287494,-123.1235689,c2a9c5d0e4578b928554c86f3d2c1162
The Keg Steakhouse + Bar,_Trgsl8TD-Mmt2Sn6Di1vQ,13065,4.0,176,$$$,198,49.28602851408301,-123.12446573128035,c2a9c5d0e4578b928554c86f3d2c1162
Yui Japanese Bistro,uZGQy70xpYkUzQxTpKoXaA,13065,4.0,124,$$,92,49.287111,-123.1247016,c2a9c5d0e4578b928554c86f3d2c1162
Indian Delicacy,ykzWuSC4W5zFO6k0hdItcQ,13065,4.5,100,$$,173,49.28749,-123.12141,c2a9c5d0e4578b928554c86f3d2c1162
Mott 32,wVlLeeowJn_VEhMOJVxMBQ,13065,4.0,165,$$$$,110,49.2868644189919,-123.12453512818163,c2a9c5d0e4578b928554c86f3d2c1162
Sushi Go,Fx-giT_q_5JVhq8Ytoi35A,13065,2.5,65,$,27,49.2884903,-123.1230164,c2a9c5d0e4578b928554c86f3d2c1162
Green Leaf Salad Bar,WiAyM-mANK9NajRzbFerQw,13065,4.5,76,$,27,49.2885,-123.12299,c2a9c5d0e4578b928554c86f3d2c1162
Melville Cafe,gYAHIORi93aXqYmjpexkWA,13065,4.5,36,$,34,49.2873714,-123.123683,c2a9c5d0e4578b928554c86f3d2c1162
Domo Sushi,JSyZ923gqxPUXmKnJ8NOKw,13065,3.5,88,$$,50,49.2872511,-123.1235015,c2a9c5d0e4578b928554c86f3d2c1162
A&W,F1-opBDlPlAOIANNsJkHSg,13065,2.5,8,,20,49.287803,-123.123671,c2a9c5d0e4578b928554c86f3d2c1162
Sushi California,bIWJu0UDFsiPSmn3jUH9Ag,13065,4.0,33,,139,49.2866882899392,-123.123021,c2a9c5d0e4578b928554c86f3d2c1162
Mangez Mangez,A35ljFDKELmMkAiiOTyuTA,13065,4.0,34,$,143,49.2867472,-123.1227744,c2a9c5d0e4578b928554c86f3d2c1162
Symphonie Restaurant,ujNcmUpHRiSENe1O6vXM2Q,13065,4.0,47,$,144,49.287763115894954,-123.12195483585218,c2a9c5d0e4578b928554c86f3d2c1162
Freshii,jH5-I1Mcyp7c-V36X8Ofbw,13065,2.5,43,$,102,49.287017267423145,-123.1247321909074,c2a9c5d0e4578b928554c86f3d2c1162
Komi Sushi,UAClOVc95wqtRTQAq4U2Yw,13065,2.0,59,$$,139,49.28658,-123.12282,c2a9c5d0e4578b928554c86f3d2c1162
Sciué Italian Bakery Caffé,MgFQdSQPSYFb6psj3IAukA,13065,3.0,23,$$,153,49.28691,-123.1224397,c2a9c5d0e4578b928554c86f3d2c1162
Grab N Go,A4rKHP4_kfEfEunR-SpExw,13065,5.0,1,,186,49.288071,-123.121331,c2a9c5d0e4578b928554c86f3d2c1162
Christine's Cafe,4ydeXBrXfElL71i1tlqJzw,13065,2.0,5,$,173,49.2873,-123.1219,c2a9c5d0e4578b928554c86f3d2c1162
Time Out Cafe,42-yCTO4gFzU6y1VrJ_eyA,13065,1.5,8,,99,49.2871308,-123.1233201,c2a9c5d0e4578b928554c86f3d2c1162
Bistro Olé,Rg1i1hva8bW9KaP_xDdEXA,13065,5.0,1,,140,49.28835,-123.12217,c2a9c5d0e4578b928554c86f3d2c1162
Johnny's Pizza Factory,T4RihRUHcZ6Q5Y6i1NmWxw,13065,3.0,2,,153,49.2889649961471,-123.122854698983,c2a9c5d0e4578b928554c86f3d2c1162
Mr Toasty,SN8AEdrzFUpO8vk4XWCN-g,13065,3.5,2,,186,49.288008,-123.1216004,c2a9c5d0e4578b928554c86f3d2c1162
Top of Vancouver Revolving Restaurant,HmslQtrdkudv1V01AenkLg,13065,3.0,360,$$$$,58,49.28468,-123.11189,5f45325fdd6334a4c0d3b62853b19fa6
Rogue Kitchen & Wetbar,C58CusJWfndaAlyAoh6qhg,13065,3.5,393,$$,75,49.28534134027417,-123.11143693120827,5f45325fdd6334a4c0d3b62853b19fa6
Deville Coffee,3jyz605NGvJV6uId5tjf9Q,13065,4.5,15,,26,49.2853546768392,-123.11246584304324,5f45325fdd6334a4c0d3b62853b19fa6
Guu with Otokomae,oiuMkUcxnTdzeUpCNmVzWA,13065,4.0,376,$$,154,49.2847191,-123.11038556296398,5f45325fdd6334a4c0d3b62853b19fa6
Steamworks Brewing Company,WdywxkSYEc_nw0kqNfRZsg,13065,3.5,776,$$,141,49.28498,-123.11084,5f45325fdd6334a4c0d3b62853b19fa6
Russian Spoon,e-SyplM3q-q_4UAxNHLSQA,13065,4.5,22,,52,49.2846468961917,-123.112365626597,5f45325fdd6334a4c0d3b62853b19fa6
Kita No Donburi,02cGvRTfVXeHWYkoiyj6wA,13065,3.5,140,$$,87,49.2845695,-123.1132762,5f45325fdd6334a4c0d3b62853b19fa6
Browns Crafthouse Seymour,EjwUcXo7cw3sogfrGeeoCA,13065,4.0,40,$$,125,49.2841724124811,-123.113347974687,5f45325fdd6334a4c0d3b62853b19fa6
Ignite Pizzeria,wvaELBqIJercwOK2lgkfDA,13065,4.0,45,$,103,49.2847587936463,-123.111099839934,5f45325fdd6334a4c0d3b62853b19fa6
The Poke Guy,Oy9MJpvvmvueeCF9XQRKXw,13065,4.5,207,$$,152,49.2837389,-123.1120629,5f45325fdd6334a4c0d3b62853b19fa6
Stock and Supply,sTBkQcgxwzJCxYLErBct2A,13065,4.0,19,,98,49.28416,-123.1127,5f45325fdd6334a4c0d3b62853b19fa6
WA! CURRY,2UAmjQgLdVFqmPRvrDA2PA,13065,3.5,324,$$,176,49.2841553,-123.1143602,5f45325fdd6334a4c0d3b62853b19fa6
Trees Organic Coffee,EVod_bZ8cAPHCIFzNUdTdw,13065,3.5,173,$$,141,49.2848880197924,-123.114343569975,5f45325fdd6334a4c0d3b62853b19fa6
Bubble Waffle Cafe - Harbour Centre Food Court,h86MdHhS67MFkiLPc1QojQ,13065,4.0,6,,58,49.28468,-123.11189,5f45325fdd6334a4c0d3b62853b19fa6
One Under,tTfGAYRi9SFaAuLw8HYX6w,13065,4.0,40,$$,155,49.2846904,-123.1145086,5f45325fdd6334a4c0d3b62853b19fa6
Teppan Kitchen,ibM9mR5BAJJxl3d2CgQf2w,13065,3.5,17,,54,49.2848488365704,-123.111802227795,5f45325fdd6334a4c0d3b62853b19fa6
Momo Sushi,wL4J5ytcddYRw_F9GobnlQ,13065,3.5,223,$$,149,49.2847086495182,-123.110454082489,5f45325fdd6334a4c0d3b62853b19fa6
Japadog,10Nm1R0CTRNvpz3cQE4WJw,13065,4.0,25,$,95,49.2856102,-123.1119552,5f45325fdd6334a4c0d3b62853b19fa6
Swiss Coffee Cup Cafe,_h4EJzahR9-YQSgv4b8u9Q,13065,4.5,2,,25,49.2853124,-123.1120535,5f45325fdd6334a4c0d3b62853b19fa6
Vegan Pudding,pITkBUEZVcpxKwF348KAtw,13065,4.5,85,$,147,49.2837981796105,-123.11221144443,5f45325fdd6334a4c0d3b62853b19fa6
Rice 'N Spice,xm3KG5VybXVgTjMcstq-Tw,13065,3.5,3,,58,49.28468,-123.11189,5f45325fdd6334a4c0d3b62853b19fa6
Fantastico Pizza 2001,odZasQZStb8VSe6rQsWlRw,13065,4.0,54,$,149,49.2840102,-123.1136023,5f45325fdd6334a4c0d3b62853b19fa6
Hellcrust Pizza,shP13YfLqM45sMC3_htU-w,13065,4.5,6,,99,49.28463,-123.11314,5f45325fdd6334a4c0d3b62853b19fa6
Chronic Tacos,emeaXJIk6jy4Vb8r1wnkxg,13065,3.5,33,,92,49.28595036173507,-123.11228888220894,5f45325fdd6334a4c0d3b62853b19fa6
Railtown Cafe,kmYutX-6Vo2EgvwAHU0c8w,13065,3.5,21,$,137,49.2852667967034,-123.114296054582,5f45325fdd6334a4c0d3b62853b19fa6
Sendai Sushi,8PGnQpPa-LeX8Fjn6I-a3A,13065,2.5,14,$,45,49.2849999,-123.1128,5f45325fdd6334a4c0d3b62853b19fa6
Fatburger,eN9TVzuBb2PFlj-otwulDw,13065,2.5,7,$$,63,49.2845503098453,-123.112376891077,5f45325fdd6334a4c0d3b62853b19fa6
Thai Express,l-tVS6U7SD3PSZGpHlfzkw,13065,2.0,12,$,58,49.2846088,-123.1122151,5f45325fdd6334a4c0d3b62853b19fa6
Famous Famiglia Pizzeria,o88HljnvIhsMdckS9Ivctw,13065,2.0,16,$,48,49.2846829,-123.1123992,5f45325fdd6334a4c0d3b62853b19fa6
My Toan,XbpaTAMi5G6FAkhsBJMUww,13065,2.5,20,$,63,49.2845498,-123.1123772,5f45325fdd6334a4c0d3b62853b19fa6
A&W,-P961fNkJNpTfO4L1DAbSA,13065,2.5,26,$,98,49.285999928014725,-123.11225331955646,5f45325fdd6334a4c0d3b62853b19fa6
Spin Roll Sushi,QTqbXOGwRJCyavINPVBRSw,13065,4.0,29,$,165,49.2837584,-123.1131886,5f45325fdd6334a4c0d3b62853b19fa6
Cham Mani,hupx8IMu-7CDdV0sWC9BHw,13065,3.5,40,$,158,49.2837332,-123.1131472,5f45325fdd6334a4c0d3b62853b19fa6
Dilli Heights Bistro,U-h2TxoLxvzxfYBDbosEhg,13065,4.0,4,,184,49.283465,-123.112508,5f45325fdd6334a4c0d3b62853b19fa6
Waves Coffee House,JUpffsAel3dvPXwIYP3sZw,13065,2.5,38,$,152,49.2837817,-123.1119746,5f45325fdd6334a4c0d3b62853b19fa6
Camay Wok,LVYaPwt6eiaqvpYfNUMkGQ,13065,1.5,3,,58,49.28468,-123.11189,5f45325fdd6334a4c0d3b62853b19fa6
Freshslice Pizza,VykKYBr0UsoHSh8_iVGK2A,13065,2.0,23,$,160,49.2838171,-123.1132851,5f45325fdd6334a4c0d3b62853b19fa6
Harbour Sushi,Qgpw_kunnJLTy03H1x9sRQ,13065,2.0,5,$,58,49.28468,-123.11189,5f45325fdd6334a4c0d3b62853b19fa6
Casa Blanca Mediterranean Cuisine,na8tiUypoPahO4yLgz3eyg,13065,4.0,2,$,89,49.2843192,-123.1120317,5f45325fdd6334a4c0d3b62853b19fa6
Amazing Wok,zcK5jbqNkyiTc1pSlqv4cw,13065,1.5,3,,58,49.28468,-123.11189,5f45325fdd6334a4c0d3b62853b19fa6
Little Japan,kETXlfFpjGSM1TSgGvIXKg,13065,2.5,8,,89,49.2843586591716,-123.112018983281,5f45325fdd6334a4c0d3b62853b19fa6
Burger King,zHZtLIZMxZZOEwlpr3DFHQ,13065,2.0,17,$,176,49.2840347,-123.1141891,5f45325fdd6334a4c0d3b62853b19fa6
Sprezzatura,zJFR6pBdPsuqBve9pmtg0Q,13065,4.0,52,,20,49.2613547,-123.0978287,bede4b24dae115d4cd43d2e6cc9812cb
Carp,x672P1yK1feQ7SY-0F-R7w,13065,4.5,83,$$,181,49.262354,-123.0958273,bede4b24dae115d4cd43d2e6cc9812cb
Thierry - Mount Pleasant,vDpWoVlbr3VWBuv-6Bqz8g,13065,4.0,32,$$,200,49.262040137647766,-123.09941897473132,bede4b24dae115d4cd43d2e6cc9812cb
The Farmhouse,WZz3gI0V6hN9M_cpeyo9Jg,13065,3.5,5,,88,49.26185879464837,-123.09710762514682,bede4b24dae115d4cd43d2e6cc9812cb
Pür & Simple,kD-V4HCkdeI3QVIezQeuUQ,13065,3.0,24,,166,49.2620407111018,-123.099000705684,bede4b24dae115d4cd43d2e6cc9812cb
Chai69 Cafe,fnFaXywPOiFQlw7-bj6Bbw,13065,4.0,1,,140,49.262352,-123.09712,bede4b24dae115d4cd43d2e6cc9812cb
De Dutch,n_jcZ9i-HIqFXHGd5he9jw,13065,2.5,40,$$,50,49.2673825,-123.112985,680b1ddfd50c4397b365c9c00f09b0d1
reLiSH Gourmet Burgers,cWe9QbG1ePS5hmI-svPw8A,13065,2.5,6,,114,49.2679537,-123.1117883,680b1ddfd50c4397b365c9c00f09b0d1
Bufala,q3reTj4jxslkpffupk5R0w,13065,3.5,148,$$,91,49.2374125128053,-123.155639817237,7f091b50fbbd892bf9fb869a64c47120
White Spot Kerrisdale,XU4Dm67c8Niqu_fJ7eu5Jg,13065,2.5,50,$$,68,49.2376472,-123.155693,7f091b50fbbd892bf9fb869a64c47120
Sushi time,RUOzhNmllwLI1M0TzXpcTg,13065,4.5,8,,59,49.2375898,-123.1556953,7f091b50fbbd892bf9fb869a64c47120
Dundas Eat + Drink,RjaMcWoyG_CFh-M61fahxA,13065,4.5,71,$$,72,49.285084,-123.062273,7c17f51469f1a7145455f65ef6afbd87
Domino's Pizza,xQSs8lTPgsNBpNgXhV2Dmw,13065,2.5,10,$$,64,49.285007,-123.0619108,7c17f51469f1a7145455f65ef6afbd87
Subway,U9C8zUO-MvMQBFGG0Fcafw,13065,1.5,32,$$,68,49.2850075,-123.0619513,7c17f51469f1a7145455f65ef6afbd87
Powell Donair and Kebab,b1eYepLqPKw-Gwu122CajA,13065,0.0,0,,168,49.2849649,-123.0638685,7c17f51469f1a7145455f65ef6afbd87
McDonald's,xUew5u8iVQixDrZolnhlZA,13065,2.5,9,$,183,49.2851579983642,-123.064025,7c17f51469f1a7145455f65ef6afbd87
Landmark Hotpot House,EwnizZggD7z0lX5pny_kug,13065,4.0,121,$$$,86,49.2498660758194,-123.11556053834,549f00f6039e8bb702a00dcca08a8ed0
Tonton Sushi,JWJpNkLAqbYzKEP1aj5weA,13065,4.0,68,$$,110,49.2497178,-123.115173,549f00f6039e8bb702a00dcca08a8ed0
Tim Hortons,GufvKqLltzYHW7zd_dLWgw,13065,1.5,12,,34,49.2495213,-123.1155986,549f00f6039e8bb702a00dcca08a8ed0
Corner 23,12fHonfwOK7tecqgPYXHhg,13065,3.0,128,$$,117,49.24995,-123.11495,549f00f6039e8bb702a00dcca08a8ed0
Saku,iid0VenH7rIp3AWuyQAAHw,13065,4.5,317,$$,25,49.289254,-123.1323215264761,0c42f45e4a14957ad4a6d521d0ba8bc3
Kosoo Restaurant,FLRlO4S-ei3jRZKIEjiqGw,13065,3.5,165,$$,21,49.2890856,-123.1326402,0c42f45e4a14957ad4a6d521d0ba8bc3
Guu with Garlic,GmEeIcJ9vR04kxzYgPMEgg,13065,4.5,1036,$$,140,49.290249,-123.1338142,0c42f45e4a14957ad4a6d521d0ba8bc3
Tabom,dGLqM7wwyytzlkvdMEAMlA,13065,4.0,97,,63,49.28901186686636,-123.1318846021006,0c42f45e4a14957ad4a6d521d0ba8bc3
Sura Korean Cuisine,rcLuoOWx3QHVRmGtrPt38A,13065,4.0,426,$$,80,49.2888601838143,-123.131742169312,0c42f45e4a14957ad4a6d521d0ba8bc3
Nam San,J8ZMZEx42rXa9cmgNkpEdQ,13065,4.5,24,,26,49.28946,-123.13294,0c42f45e4a14957ad4a6d521d0ba8bc3
Liuyishou Hotpot,vWJIpXo8Gyh2Elco_XlfIw,13065,3.5,81,$$,36,49.2890460334111,-123.13228247896,0c42f45e4a14957ad4a6d521d0ba8bc3
Pho 37,VWp6kjkuOV_GY8TELK3B9g,13065,4.5,15,,40,49.28909,-123.13232,0c42f45e4a14957ad4a6d521d0ba8bc3
Nine Dumplings,nv0p0Zq3abEU1AttwkuEMQ,13065,4.5,34,,34,49.289525,-123.132907,0c42f45e4a14957ad4a6d521d0ba8bc3
Maruhachi Ra-men,MELmrubCowx8e3G68WTqgQ,13065,4.5,746,$$,155,49.2905691,-123.1333951,0c42f45e4a14957ad4a6d521d0ba8bc3
Zabu Chicken,QVlOhxYB33MNHKtNPet9fw,13065,3.0,232,$$,66,49.289849,-123.132666,0c42f45e4a14957ad4a6d521d0ba8bc3
Hokkaido Ramen Santouka,i0xnuLimVcuSoBqO265obA,13065,4.0,987,$$,136,49.290236,-123.133811,0c42f45e4a14957ad4a6d521d0ba8bc3
The Red Accordion,SIdbZcE5gp63UjRN8tLr0g,13065,4.5,65,$$,128,49.29025,-123.131768,0c42f45e4a14957ad4a6d521d0ba8bc3
Nero Waffles,icnhQBqyrQ2joCRtV_OORw,13065,4.5,643,$$,181,49.2907208,-123.1339952,0c42f45e4a14957ad4a6d521d0ba8bc3
Sulbing Cafe,yi6hkPeaSu_G0J1JRFbJSw,13065,3.0,10,,27,49.289499273171955,-123.13266962680531,0c42f45e4a14957ad4a6d521d0ba8bc3
PappaRoti,CcNjx7Y8fWhuApJa2cY56w,13065,4.0,254,$,116,49.2889087,-123.1312063,0c42f45e4a14957ad4a6d521d0ba8bc3
Al-Hadbah Donair,85O7eAEMQ_NEcC5qjIFFew,13065,4.5,7,,50,49.28946,-123.13294,0c42f45e4a14957ad4a6d521d0ba8bc3
Hongdae Pocha Korean BBQ,B2OCwi8B_q5J0Pyz9GbXAw,13065,3.0,34,$$,72,49.28972,-123.1333,0c42f45e4a14957ad4a6d521d0ba8bc3
Ray Wong Insurance,q00k1LrR-Phxc-bPAzJiow,13065,4.0,13,$,53,49.2897252508262,-123.13284160744,0c42f45e4a14957ad4a6d521d0ba8bc3
Soondae Town,eOw3NXSHUeQTE7I6IrI5NA,13065,4.5,9,,14,49.289255,-123.13288,0c42f45e4a14957ad4a6d521d0ba8bc3
BookKyung Ban Jeoum Korean,8mdGNEnMJMQqV8LcMpC1Vw,13065,3.0,47,$$,59,49.28966,-123.13324,0c42f45e4a14957ad4a6d521d0ba8bc3
Sajetarian,d1MH8yw2LqFR3-xCK7bBdA,13065,4.5,7,,50,49.28946,-123.13294,0c42f45e4a14957ad4a6d521d0ba8bc3
Menya Itto,nFo9mmxd1SonSoWsIX7RAw,13065,3.5,39,$$,161,49.28861730000001,-123.13068062067033,0c42f45e4a14957ad4a6d521d0ba8bc3
bb.q Chicken,qrexKVd5Ea2N89bLYL3k3g,13065,4.5,9,,103,49.28907416276772,-123.13127808272839,0c42f45e4a14957ad4a6d521d0ba8bc3
Viet Sub,DAvLtqzuCFGtY02zR7OIwQ,13065,4.0,64,$,117,49.2901826,-123.1337111,0c42f45e4a14957ad4a6d521d0ba8bc3
Kitanoya Guu Garlic,WaD_wuvvDFPTrz8ouDPtAw,13065,4.0,16,,173,49.29065,-123.133761,0c42f45e4a14957ad4a6d521d0ba8bc3
Nukid Cafe,kW9yN02quzA6PjfnnzkcIg,13065,4.0,27,,92,49.28992,-123.13377,0c42f45e4a14957ad4a6d521d0ba8bc3
Momo Sushi House,Xgr6FIKUrg1bfH24BD2sPA,13065,3.5,149,$,178,49.2901525,-123.1346797,0c42f45e4a14957ad4a6d521d0ba8bc3
Red Flame 赤焱 Teppan + Hot Pot,IJICAjCzG2XT9QZaGjaJXw,13065,3.5,2,,46,49.28964106370002,-123.1329076591542,0c42f45e4a14957ad4a6d521d0ba8bc3
Market Veranda,isAmEovv7eg0JhIcUQ3zNg,13065,4.0,4,,50,49.28946,-123.13294,0c42f45e4a14957ad4a6d521d0ba8bc3
The Captain's Boil,_4QGXIxJzsSDQgKtzKImZA,13065,3.0,33,,162,49.2886164,-123.1307569,0c42f45e4a14957ad4a6d521d0ba8bc3
Tabom,-um-7mYCfEDuf1WpE1Vagg,13065,0.0,0,,60,49.288992,-123.131971,0c42f45e4a14957ad4a6d521d0ba8bc3
Michi Craft Kitchen,lP9guY_wuEp6GX2h7MhxeA,13065,3.5,13,,110,49.28992,-123.13377,0c42f45e4a14957ad4a6d521d0ba8bc3
Blenz Coffee,CVNkE8VkQoe6UC6eaDrnfQ,13065,2.5,7,$,85,49.289989,-123.132335,0c42f45e4a14957ad4a6d521d0ba8bc3
Euro Food Plus,eI6E8onK5Lw10JT-MUcFYw,13065,3.5,26,$$,156,49.290276,-123.13416,0c42f45e4a14957ad4a6d521d0ba8bc3
Pokerrito,9anKUYX_Uv47GO1vedn6_Q,13065,4.0,6,,102,49.2900374,-123.1334854,0c42f45e4a14957ad4a6d521d0ba8bc3
McDonald's,2GyExZcMGGiuqXZFpeqzCw,13065,2.5,12,$,179,49.2906798162448,-123.133832132379,0c42f45e4a14957ad4a6d521d0ba8bc3
Little Panda Chinese Food,ICijX8WRQw3VWWqd-ze5dA,13065,0.0,0,,50,49.28946,-123.13294,0c42f45e4a14957ad4a6d521d0ba8bc3
Mori Japanese Food,rJPcK51TcB04cf3NARc5mA,13065,0.0,0,,50,49.28946,-123.13294,0c42f45e4a14957ad4a6d521d0ba8bc3
Avo House,fABrZ9EGgurNn5d1GEoy7A,13065,4.0,1,,111,49.289015,-123.131184,0c42f45e4a14957ad4a6d521d0ba8bc3
Kichi Sushi Japanese Restaurant,4lX61JBLmtkM-sr1z1SaSA,13065,0.0,0,,59,49.28966,-123.13324,0c42f45e4a14957ad4a6d521d0ba8bc3
Pizza Maru,a_xCFJvqqJzHi2jMqa4w9g,13065,3.5,5,,168,49.28869,-123.13056,0c42f45e4a14957ad4a6d521d0ba8bc3
Commercial Street Cafe,3m9xLM-fPPpOm7eSawj3PQ,13065,3.5,70,$$,23,49.2526261,-123.0681265,62a202eb98c0a4b09ba6746f5ee94ab3
Collective Goods Bistro & Grocer,7ZMz5j3oJMIkG9BTGj1J0Q,13065,4.0,18,,57,49.2531205,-123.0678002,62a202eb98c0a4b09ba6746f5ee94ab3
Giardino,MczQsDyO6htU-KW8sCbqQA,13065,4.0,123,$$$,75,49.276991,-123.1301021,a6c6df138cbc97b9f81e7ffbbebdde6f
Number e food,kDZTaeUaf78Jd25ktX8a8g,13065,5.0,135,$$,112,49.277569151917,-123.131018212403,a6c6df138cbc97b9f81e7ffbbebdde6f
Maxine's Cafe & Bar,lQuQy5a4wk0WL7WpP2hwyQ,13065,4.5,68,$$,145,49.27807,-123.13131,a6c6df138cbc97b9f81e7ffbbebdde6f
Sushi Coen,v1SXL8kxvZ31HABeHvtgzA,13065,4.0,136,$$,104,49.2777393,-123.1308785,a6c6df138cbc97b9f81e7ffbbebdde6f
Sushi Mugen,4WMFY6wWQNO3OsL5ykwGCQ,13065,4.0,106,$$,153,49.2786508,-123.1282232,a6c6df138cbc97b9f81e7ffbbebdde6f
Firecrust,94M0qHo70j4Z6G-OSIYCCQ,13065,4.0,140,$$,120,49.2777868,-123.1274639,a6c6df138cbc97b9f81e7ffbbebdde6f
RV’s Butter Kitchen,SHrLUxpK6LDt3N1f6QQb9A,13065,4.5,25,,124,49.2769073,-123.1307071,a6c6df138cbc97b9f81e7ffbbebdde6f
Osaka Sushi,SzQ0eGVXc2DAqw0n5r20nw,13065,4.0,67,$,176,49.2775042,-123.131791,a6c6df138cbc97b9f81e7ffbbebdde6f
Nando's,sUKh87XEmpy5n9BaLiQEIw,13065,3.5,202,$$,136,49.2778746,-123.1276559,a6c6df138cbc97b9f81e7ffbbebdde6f
Daikichi Sushi,cHFBCk7HpN8z9HooaqlhTQ,13065,3.0,83,$,132,49.2773454,-123.1314919,a6c6df138cbc97b9f81e7ffbbebdde6f
Maple Leaf Delicatessen,DX6eXd2OUqGMkVQQBr0EWQ,13065,4.5,26,$,141,49.278653,-123.1300056,a6c6df138cbc97b9f81e7ffbbebdde6f
White Spot,ueolBZ5MSq1cNlRz1sx2cw,13065,2.5,89,$$,179,49.276139219048,-123.128192383024,a6c6df138cbc97b9f81e7ffbbebdde6f
Sushi Howe,UF-ScH_Ts4drT9EISK_m2w,13065,4.0,28,,176,49.2774536,-123.1269272,a6c6df138cbc97b9f81e7ffbbebdde6f
Sombreros Mexican Products & Taqueria,6PFzidqH3oSNK5eXOHNBIQ,13065,4.0,30,$$,114,49.2766917,-123.1285811,a6c6df138cbc97b9f81e7ffbbebdde6f
Rorimomo,Y3Asx0r6qfpnoIwKorL2MQ,13065,4.0,29,,183,49.277705275,-123.126947862,a6c6df138cbc97b9f81e7ffbbebdde6f
Patterson Wonton House,QhR8qEJQrc9j-b7LEhsYWw,13065,3.5,45,$,167,49.2786857,-123.1282815,a6c6df138cbc97b9f81e7ffbbebdde6f
Caffe Mira,HJNwJpfspIhfvqtr4cYE2g,13065,5.0,18,,146,49.2787456,-123.129878,a6c6df138cbc97b9f81e7ffbbebdde6f
Hashigo - Sake Dining ,oqKcL1-J9Adc_l0637pVvA,13065,4.5,3,,181,49.27658,-123.12765,a6c6df138cbc97b9f81e7ffbbebdde6f
Freshii,knF9zq8FM6ewSzbw8xnTQA,13065,3.5,4,,81,49.2769289,-123.1287627,a6c6df138cbc97b9f81e7ffbbebdde6f
Naru,nwIt2awrSiMhNRVjoQyL3w,13065,3.0,8,$,104,49.2777393,-123.1308785,a6c6df138cbc97b9f81e7ffbbebdde6f
Subway,LmY_AOLkJ1D5FLO7AeRnkg,13065,2.5,7,,153,49.2780393100512,-123.12750030776,a6c6df138cbc97b9f81e7ffbbebdde6f
Nebur King Coffee,_HUpYjFI2-Z8WuMmdTlpKg,13065,4.0,9,$,135,49.2768899,-123.1307331,a6c6df138cbc97b9f81e7ffbbebdde6f
La Vallee Restaurant,dJ5udvOdcNcSiBYjcAkVeA,13065,2.5,4,$$,160,49.27615,-123.13025,a6c6df138cbc97b9f81e7ffbbebdde6f
La Vallee Restaurant,CFzqnQf6uu_sCoETa3l0YQ,13065,0.0,0,$$$,160,49.27615,-123.13025,a6c6df138cbc97b9f81e7ffbbebdde6f
Shaman Digital Media,cVxV44lF10vts5dR1Kj6bg,13065,0.0,0,,73,49.2772099,-123.12861,a6c6df138cbc97b9f81e7ffbbebdde6f
Subway,EclKA19Vg7_P92LVmYA0PA,13065,2.0,1,,187,49.2767593,-123.1270705,a6c6df138cbc97b9f81e7ffbbebdde6f
Yolks - Coming Soon,pJosAdZhYryhqyjUJS2OiQ,13065,0.0,0,,138,49.278737,-123.128973,a6c6df138cbc97b9f81e7ffbbebdde6f
4 Brothers Pizza,Qxsa3wG2hdFQsLXbJqgpqg,13065,2.5,9,,130,49.2772666,-123.1277286,a6c6df138cbc97b9f81e7ffbbebdde6f
Umberto's Restaurants,NpJOoISCQfT3aYZf8yRaXQ,13065,4.0,3,,159,49.27617,-123.13081,a6c6df138cbc97b9f81e7ffbbebdde6f
Anholt Jill Physiothrpy,FxmajWJ4zZ-4E8GPABGolA,13065,0.0,0,,131,49.27857,-123.1293,a6c6df138cbc97b9f81e7ffbbebdde6f
Apple Deli,9LFPGwAUG3bTpSTQ8bUZtA,13065,0.0,0,,152,49.2781277,-123.1274267,a6c6df138cbc97b9f81e7ffbbebdde6f
